id,net,place
ak0228yrn198,ak,"66 km SE of King Salmon, Alaska"
ak0228ysp6ge,ak,"41 km NNW of Petersville, Alaska"
ak0228ysv4tf,ak,"47 km S of Cantwell, Alaska"
ak0228yt9xmq,ak,"Fox Islands, Aleutian Islands, Alaska"
ak0228ytq1oe,ak,"78 km SW of Nanwalek, Alaska"
ak0228ytuln0,ak,"25 km NE of Silver Springs, Alaska"
ak0228ytzz00,ak,"27 km SSW of Cantwell, Alaska"
ak0228yufr9s,ak,"28 km NW of Four Mile Road, Alaska"
ak0228yugdjp,ak,"41 km NW of Tatitlek, Alaska"
ak0228yv0b44,ak,"100 km SE of Chenega, Alaska"
ak0228yv3anm,ak,"18 km W of Manley Hot Springs, Alaska"
ak0228yv3keo,ak,Southern Alaska
ak0228yv5ql6,ak,"39 km ENE of Pedro Bay, Alaska"
ak0228yvi4az,ak,"14 km NW of Two Rivers, Alaska"
ak0228yvnvnd,ak,"62 km NNE of Petersville, Alaska"
ak0229061d0x,ak,"21 km S of Glacier View, Alaska"
ak022906rk4d,ak,"6 km SSE of Big Lake, Alaska"
ak0229078una,ak,"Rat Islands, Aleutian Islands, Alaska"
ak022907ddn4,ak,"95 km ESE of Nikolai, Alaska"
ak022907srwf,ak,"82 km SSW of Unalaska, Alaska"
ak022907vk3m,ak,"29 km NW of Beluga, Alaska"
ak022907vznk,ak,"2 km WNW of Point MacKenzie, Alaska"
ak022907y0sr,ak,"12 km ENE of Susitna, Alaska"
ak022908hwxe,ak,"18 km NNW of Meadow Lakes, Alaska"
ak022908kbdh,ak,"3 km NNW of Chickaloon, Alaska"
ak0229097s3r,ak,"36 km N of Petersville, Alaska"
ak022909iqjw,ak,"32 km WNW of Cantwell, Alaska"
ak02290af6o1,ak,"9 km SSW of Womens Bay, Alaska"
ak02290apg9f,ak,"48 km N of Valdez, Alaska"
ak02290awp25,ak,"48 km N of Petersville, Alaska"
ak02290bg7m2,ak,"Kenai Peninsula, Alaska"
ak02290ci7d2,ak,"76 km SSW of Manley Hot Springs, Alaska"
ak02290cj90f,ak,"21 km ENE of Cordova, Alaska"
ak02290ckgwd,ak,"69 km NE of Nikolai, Alaska"
ak02290cki13,ak,"66 km WNW of Ninilchik, Alaska"
ak02290cqrrj,ak,"5 km SSE of Kachemak, Alaska"
ak02290d3u35,ak,"56 km N of Chickaloon, Alaska"
ak02290d4a2v,ak,"25 km S of South Van Horn, Alaska"
ak02290d4hqx,ak,"74 km WNW of Ninilchik, Alaska"
ak02290dcjef,ak,"1 km NE of Healy, Alaska"
ak02290f59e6,ak,"44 km NW of Tatitlek, Alaska"
ak02290fpupd,ak,"32 km WSW of Denali Park, Alaska"
ak02290fpwj7,ak,"27 km SSE of Minto, Alaska"
ak02290g6l93,ak,"22 km S of Susitna North, Alaska"
ak02290g9np1,ak,"49 km E of Pedro Bay, Alaska"
ak02290gau71,ak,"27 km SSW of Karluk, Alaska"
ak02290hez3t,ak,"37 km E of Skwentna, Alaska"
ak02290hfek4,ak,"30 km SSW of South Van Horn, Alaska"
ak02290hkbqb,ak,"51 km ENE of Adak, Alaska"
ak02290hxkx9,ak,"Andreanof Islands, Aleutian Islands, Alaska"
ak02290i0n6s,ak,northern Alaska
ak02290iivn2,ak,"25 km S of Port Graham, Alaska"
ak02290ijazr,ak,"10 km W of Fishhook, Alaska"
ak02290ik49a,ak,"38 km WSW of Petersville, Alaska"
ak02290ile6o,ak,"93 km SE of Cordova, Alaska"
ak02290imptd,ak,"38 km WSW of Salcha, Alaska"
ak02290ipq1m,ak,"181 km S of Chenega, Alaska"
ak02290irf94,ak,"59 km WNW of Petersville, Alaska"
ak02290j3tsg,ak,"16 km N of Two Rivers, Alaska"
ak02290j7gql,ak,"14 km WNW of Point Possession, Alaska"
ak02291swvvc,ak,"27 km NW of Fishhook, Alaska"
ak02291t0rvz,ak,"3 km NNE of Big Lake, Alaska"
ak02291t415h,ak,"26 km NW of Petersville, Alaska"
ak02291tmts2,ak,"95 km S of McCarthy, Alaska"
ak02291ur428,ak,"48 km SW of Skwentna, Alaska"
ak02291ut23d,ak,"47 km SSE of Nelchina, Alaska"
ak02291uuyue,ak,"31 km SSE of Minto, Alaska"
ak02291uw90i,ak,"46 km SSW of Skwentna, Alaska"
ak02291v95aq,ak,"52 km E of Adak, Alaska"
ak02291v95bc,ak,"15 km SSW of Denali National Park, Alaska"
ak02291vezsp,ak,"18 km SSW of Denali National Park, Alaska"
ak02291vi4sc,ak,"24 km SSW of Anchorage, Alaska"
ak02291vy6xi,ak,"12 km NE of Chase, Alaska"
ak02291w23yg,ak,"65 km W of Happy Valley, Alaska"
ak02291w65vx,ak,"14 km ENE of Chase, Alaska"
ak02291wppkz,ak,"12 km SW of Hope, Alaska"
ak02291wr0k5,ak,"50 km SSE of Cantwell, Alaska"
ak02291xwqq9,ak,"20 km NE of Nikiski, Alaska"
ak02291ycgul,ak,"52 km ESE of Whittier, Alaska"
ak02291zhe3p,ak,"80 km SSW of Harding-Birch Lakes, Alaska"
ak02291zolyp,ak,"15 km NE of Susitna North, Alaska"
ak02291zp1gr,ak,Central Alaska
ak0229205r80,ak,"25 km WNW of Susitna, Alaska"
ak0229209scw,ak,"27 km NNW of Eureka Roadhouse, Alaska"
ak022920ai57,ak,"39 km SSW of South Van Horn, Alaska"
ak022922imfd,ak,"62 km NW of Beaver, Alaska"
ak022922k7bh,ak,"70 km NNE of Petersville, Alaska"
ak0229230hk5,ak,"96 km SE of Nikolai, Alaska"
ak022923piik,ak,"9 km NW of Tatitlek, Alaska"
ak022923qkez,ak,"29 km SSW of Dry Creek, Alaska"
ak022924erwi,ak,"54 km NNW of Petersville, Alaska"
ak022924itvj,ak,"65 km ENE of Pedro Bay, Alaska"
ak022924sddh,ak,"24 km NNW of Petersville, Alaska"
ak022924uvga,ak,"6 km SW of Susitna, Alaska"
ak022924vt11,ak,"28 km WNW of Happy Valley, Alaska"
ak022924y9d1,ak,"13 km SSW of Funny River, Alaska"
ak022924zdme,ak,"34 km SE of Denali National Park, Alaska"
ak0229254hil,ak,"60 km ENE of Pedro Bay, Alaska"
ak022925oa2e,ak,"9 km N of Cantwell, Alaska"
ak0229266j32,ak,"38 km SE of Denali National Park, Alaska"
ak022926b1b3,ak,"Rat Islands, Aleutian Islands, Alaska"
ak022926tkdw,ak,"23 km NW of Nikiski, Alaska"
ak022926x30o,ak,"5 km WSW of Elmendorf Air Force Base, Alaska"
ak02293gk58q,ak,"16 km ESE of Clam Gulch, Alaska"
ak02293gkqrj,ak,"46 km W of Cohoe, Alaska"
ak02293gp2ai,ak,"28 km W of Ester, Alaska"
ak02293hlom8,ak,"25 km SE of Chickaloon, Alaska"
ak02293ifhtt,ak,"15 km NE of Silver Springs, Alaska"
ak02293iigov,ak,"77 km ENE of Lime Village, Alaska"
ak02293jp3q6,ak,Southern Alaska
ak02293k4sed,ak,"28 km SE of Denali National Park, Alaska"
ak02293kc32h,ak,"68 km SSE of Hughes, Alaska"
ak02293m1rsf,ak,"25 km WNW of Karluk, Alaska"
ak02293mgimf,ak,"82 km NW of Aleneva, Alaska"
ak02293mgr7i,ak,"22 km WSW of Glacier View, Alaska"
ak02293nadgt,ak,"73 km WSW of Karluk, Alaska"
ak02293nsseu,ak,"60 km WSW of Anchor Point, Alaska"
ak02293nvdgj,ak,"21 km N of Four Mile Road, Alaska"
ak02293ogsha,ak,"55 km S of Denali National Park, Alaska"
ak02293ou0ua,ak,"143 km WNW of Yakutat, Alaska"
ak02293pgjf2,ak,Central Alaska
ak02293q4mym,ak,"24 km S of Manley Hot Springs, Alaska"
ak02293q6iwe,ak,"122 km E of Chignik, Alaska"
ak02293qkh9m,ak,"71 km N of Arctic Village, Alaska"
ak02293qquqr,ak,"19 km S of Tanacross, Alaska"
ak02293r87qd,ak,"40 km E of Pedro Bay, Alaska"
ak02293rx1xa,ak,"134 km WNW of Arctic Village, Alaska"
ak02293t3d26,ak,"12 km NW of Skwentna, Alaska"
ak02293u4rc9,ak,"13 km WNW of Two Rivers, Alaska"
ak02293ufq05,ak,"56 km ENE of Pedro Bay, Alaska"
ak022953z1el,ak,Southern Alaska
ak0229540qbj,ak,"35 km S of Skwentna, Alaska"
ak022955gzy7,ak,"56 km NNE of Chenega, Alaska"
ak022955su3i,ak,"65 km W of Happy Valley, Alaska"
ak022956iqeh,ak,"79 km S of Nikolai, Alaska"
ak0229577ffr,ak,"43 km WSW of Salamatof, Alaska"
ak022958915e,ak,"48 km WSW of Tonsina, Alaska"
ak022958ddhy,ak,"20 km NNW of Four Mile Road, Alaska"
ak02295928di,ak,"44 km W of Nanwalek, Alaska"
ak022959ixdi,ak,"27 km NW of Fishhook, Alaska"
ak022959x9si,ak,Southern Alaska
ak02295ap680,ak,"43 km SE of Denali National Park, Alaska"
ak02295aq080,ak,"22 km SSW of Whittier, Alaska"
ak02295btwr4,ak,"49 km WNW of Happy Valley, Alaska"
ak02295ca6hc,ak,"248 km SSE of Cordova, Alaska"
ak02295cf5sg,ak,"30 km SE of Fox River, Alaska"
ak02295cfi02,ak,"30 km NW of Anchor Point, Alaska"
ak02295cjtkd,ak,Southern Alaska
ak02295cwy0x,ak,"51 km N of Karluk, Alaska"
ak02295d2r2k,ak,"6 km E of Chickaloon, Alaska"
ak02295dj045,ak,"60 km W of Atka, Alaska"
ak02295e6chw,ak,"40 km E of Chase, Alaska"
ak02295exre3,ak,"18 km SSW of Denali Park, Alaska"
ak02295fbbfl,ak,"33 km WSW of Tatitlek, Alaska"
ak02295fyhnb,ak,"25 km W of Petersville, Alaska"
ak02295g47yy,ak,"55 km N of Chase, Alaska"
ak02295gmugg,ak,"56 km N of Petersville, Alaska"
ak02295gn2xt,ak,"15 km ESE of Elmendorf Air Force Base, Alaska"
ak02295h6br2,ak,"53 km WNW of Nanwalek, Alaska"
ak02295h7ie8,ak,"47 km S of Denali National Park, Alaska"
ak02295hcs1q,ak,"50 km NNE of Chase, Alaska"
ak02296rqavc,ak,"5 km ENE of Salamatof, Alaska"
ak02296sdm8f,ak,"Rat Islands, Aleutian Islands, Alaska"
ak02296svn95,ak,"85 km SE of Atka, Alaska"
ak02296takut,ak,"10 km SSE of Denali Park, Alaska"
ak02296thhjb,ak,"6 km ESE of Point MacKenzie, Alaska"
ak02296u4vag,ak,"48 km SSE of Nelchina, Alaska"
ak02296u70u6,ak,"20 km SSE of Minto, Alaska"
ak02296v3mrn,ak,"9 km NW of Susitna North, Alaska"
ak02296va907,ak,"60 km SE of Denali National Park, Alaska"
ak02296vdg4i,ak,"4 km E of Soldotna, Alaska"
ak02296vujtp,ak,"33 km NE of Chickaloon, Alaska"
ak02296w978s,ak,"26 km SSW of Fort Greely, Alaska"
ak02296wa0mw,ak,Central Alaska
ak02296wcv4c,ak,"6 km S of Badger, Alaska"
ak02296we3l4,ak,"2 km SE of Trapper Creek, Alaska"
ak02296wws5y,ak,"18 km WNW of Happy Valley, Alaska"
ak02296wz9lb,ak,"48 km WNW of Petersville, Alaska"
ak02296xjxbp,ak,"55 km ENE of Chenega, Alaska"
ak02296y3f9y,ak,"39 km NW of Karluk, Alaska"
ak02296ydg4e,ak,"23 km SE of Chickaloon, Alaska"
ak02296zksr8,ak,"Kenai Peninsula, Alaska"
ak0229705xc3,ak,"73 km WNW of Salamatof, Alaska"
ak022970mhvc,ak,"24 km N of Larsen Bay, Alaska"
ak0229713ss7,ak,"111 km SE of Prudhoe Bay, Alaska"
ak02297185i8,ak,"13 km NW of Petersville, Alaska"
ak022972ivf4,ak,"44 km SW of Tatitlek, Alaska"
ak022972jc14,ak,"57 km ESE of Denali National Park, Alaska"
ak022972x667,ak,"4 km NNW of Willow, Alaska"
ak022973l120,ak,Central Alaska
ak022973mw6f,ak,"49 km N of Chickaloon, Alaska"
ak022973oum2,ak,"7 km WSW of Big Lake, Alaska"
ak0229742exs,ak,"25 km WNW of Tatitlek, Alaska"
ak02297449b6,ak,"21 km ESE of Chickaloon, Alaska"
ak0229749w8v,ak,"73 km N of Chickaloon, Alaska"
ak022974pxb8,ak,"25 km SW of Anchor Point, Alaska"
ak022974wc3k,ak,"36 km SSE of Cantwell, Alaska"
ak0229756w7z,ak,"80 km E of Denali Park, Alaska"
ak0229757z5e,ak,"13 km WNW of Two Rivers, Alaska"
ak02298f4vco,ak,"72 km E of Cantwell, Alaska"
ak02298fs209,ak,"30 km NNE of Skwentna, Alaska"
ak02298gidtk,ak,"22 km ENE of Willow, Alaska"
ak02298h1gx3,ak,"31 km N of Karluk, Alaska"
ak02298iaxbg,ak,"63 km NW of Karluk, Alaska"
ak02298imqwt,ak,"10 km NNE of Four Mile Road, Alaska"
ak02298ji7di,ak,"24 km WNW of Salamatof, Alaska"
ak02298k0e9x,ak,Central Alaska
ak02298k31d5,ak,"9 km SSW of South Van Horn, Alaska"
ak02298k4ola,ak,"39 km NNW of Valdez, Alaska"
ak02298l2zy9,ak,"15 km N of Point Possession, Alaska"
ak02298l9gid,ak,"67 km ESE of Pope-Vannoy Landing, Alaska"
ak02298lkz17,ak,"35 km SSW of Denali National Park, Alaska"
ak02298llgk4,ak,"34 km WSW of Cantwell, Alaska"
ak02298lmgjy,ak,"9 km N of Minto, Alaska"
ak02298m6w76,ak,"57 km SW of Cantwell, Alaska"
ak02298m8e67,ak,"59 km SSE of Cantwell, Alaska"
ak02298mcfbt,ak,"33 km ESE of Susitna North, Alaska"
ak02298mieb2,ak,"38 km E of Stevens Village, Alaska"
ak02298muhwo,ak,"54 km NW of Skwentna, Alaska"
ak02298nngeq,ak,"44 km WSW of Tatitlek, Alaska"
ak02298nov0b,ak,"32 km E of Pedro Bay, Alaska"
ak02298o1p1g,ak,"54 km SSW of Cantwell, Alaska"
ak02298o317z,ak,"13 km SSW of Port Lions, Alaska"
ak02298o3b6c,ak,"14 km ESE of Fox, Alaska"
ak02298oawnx,ak,"35 km WNW of Valdez, Alaska"
ak02298olewa,ak,"27 km S of Port Graham, Alaska"
ak02298oq7zh,ak,"60 km ESE of Knik River, Alaska"
ak02298orqoc,ak,"17 km SSE of Denali National Park, Alaska"
ak02298osj4d,ak,"15 km ENE of Susitna, Alaska"
ak02298p8upn,ak,"45 km SSE of Nelchina, Alaska"
ak02298ptmdg,ak,"28 km W of Petersville, Alaska"
ak02298q218m,ak,"20 km NNE of Whittier, Alaska"
ak02298r5ft9,ak,"4 km WNW of Wasilla, Alaska"
ak02298ruykg,ak,"45 km N of Sutton-Alpine, Alaska"
ak02298s7ihl,ak,"24 km WNW of Tyonek, Alaska"
ak02298srgpt,ak,"13 km WNW of Two Rivers, Alaska"
ak02298sthk2,ak,"67 km NE of Susitna North, Alaska"
ak0229a38rot,ak,"69 km SE of King Salmon, Alaska"
ak0229a39hp3,ak,"68 km WNW of Ninilchik, Alaska"
ak0229a3b06v,ak,"20 km E of Susitna North, Alaska"
ak0229a3gz36,ak,"29 km W of Salamatof, Alaska"
ak0229a3rvv2,ak,"8 km SSE of Houston, Alaska"
ak0229a3sk64,ak,"56 km SSE of Cantwell, Alaska"
ak0229a4i095,ak,"20 km N of Point Possession, Alaska"
ak0229a4jz6e,ak,"63 km W of Happy Valley, Alaska"
ak0229a4knnd,ak,"9 km WNW of Diamond Ridge, Alaska"
ak0229a56qdl,ak,"43 km N of Sutton-Alpine, Alaska"
ak0229a6dd9n,ak,"18 km E of Healy, Alaska"
ak0229a8l1m6,ak,"33 km SW of Cantwell, Alaska"
ak0229a8nego,ak,"39 km E of Chase, Alaska"
ak0229a96vrk,ak,Central Alaska
ak0229a98fhm,ak,"51 km WNW of Valdez, Alaska"
ak0229a9yu0s,ak,"86 km NNW of Karluk, Alaska"
ak0229a9z8sz,ak,"73 km ESE of Denali National Park, Alaska"
ak0229a9zf02,ak,"15 km NE of Glacier View, Alaska"
ak0229aamd07,ak,"19 km NW of Beluga, Alaska"
ak0229ab31gb,ak,"22 km NE of Willow, Alaska"
ak0229abrqr7,ak,"36 km WNW of Anchor Point, Alaska"
av91066088,av,"Unimak Island region, Alaska"
av91066098,av,"63 km W of Tyonek, Alaska"
av91066108,av,"89 km WSW of Adak, Alaska"
av91066118,av,"45 km ENE of Adak, Alaska"
av91066123,av,"25 km W of Dutch Harbor, Alaska"
av91066128,av,"87 km W of Adak, Alaska"
av91066133,av,"69 km NE of Nikolski, Alaska"
av91066153,av,"92 km W of Adak, Alaska"
av91066158,av,"87 km W of Adak, Alaska"
av91066163,av,"32 km S of False Pass, Alaska"
av91066173,av,"98 km SSE of Kokhanok, Alaska"
av91066178,av,"88 km W of Adak, Alaska"
av91066183,av,"85 km NNW of Karluk, Alaska"
av91066188,av,"48 km WSW of Adak, Alaska"
av91066193,av,"Fox Islands, Aleutian Islands, Alaska"
av91066198,av,"12 km W of Akutan, Alaska"
av91066203,av,"60 km SE of Pedro Bay, Alaska"
av91066208,av,"24 km W of Dutch Harbor, Alaska"
av91066218,av,"28 km ENE of Dutch Harbor, Alaska"
av91066228,av,"86 km W of Adak, Alaska"
av91066238,av,"13 km W of Akutan, Alaska"
av91066273,av,"83 km W of Adak, Alaska"
av91066278,av,"83 km W of Adak, Alaska"
av91066283,av,"11 km W of Akutan, Alaska"
av91066293,av,"42 km ENE of Adak, Alaska"
av91066308,av,"65 km NE of Nikolski, Alaska"
av91066323,av,"58 km NE of Nikolski, Alaska"
av91066328,av,"62 km WNW of Beluga, Alaska"
av91066333,av,"67 km W of Salamatof, Alaska"
av91066353,av,"20 km W of Dutch Harbor, Alaska"
av91066358,av,"263 km W of Adak, Alaska"
av91066368,av,"20 km W of Dutch Harbor, Alaska"
av91066373,av,"19 km W of Dutch Harbor, Alaska"
av91066378,av,"19 km W of Dutch Harbor, Alaska"
av91066388,av,"29 km SW of Unalaska, Alaska"
av91066393,av,"62 km NE of Nikolski, Alaska"
av91066398,av,"84 km W of Adak, Alaska"
av91066418,av,"40 km ENE of Adak, Alaska"
av91066423,av,"92 km W of Adak, Alaska"
av91066428,av,"33 km SSE of False Pass, Alaska"
av91066433,av,"35 km W of Adak, Alaska"
av91066438,av,"35 km W of Adak, Alaska"
av91066443,av,"14 km WNW of Dutch Harbor, Alaska"
av91066448,av,"36 km W of Adak, Alaska"
av91066453,av,"36 km W of Adak, Alaska"
av91066458,av,"35 km W of Adak, Alaska"
av91066463,av,"33 km W of Adak, Alaska"
av91066468,av,"31 km W of Adak, Alaska"
av91066473,av,"36 km W of Adak, Alaska"
av91066478,av,"34 km W of Adak, Alaska"
av91066483,av,"38 km W of Adak, Alaska"
av91066493,av,"36 km W of Adak, Alaska"
av91066498,av,"39 km W of Adak, Alaska"
av91066523,av,"236 km W of Adak, Alaska"
av91066548,av,"236 km W of Adak, Alaska"
av91066558,av,"234 km W of Adak, Alaska"
av91066563,av,"85 km W of Adak, Alaska"
av91066568,av,"235 km W of Adak, Alaska"
av91066578,av,"82 km W of Adak, Alaska"
av91066583,av,"236 km W of Adak, Alaska"
av91066593,av,"Rat Islands, Aleutian Islands, Alaska"
av91066603,av,"67 km NE of Nikolski, Alaska"
av91066613,av,Alaska Peninsula
av91066623,av,"91 km N of Karluk, Alaska"
av91066638,av,"236 km W of Adak, Alaska"
av91066658,av,"234 km W of Adak, Alaska"
av91632811,av,"61 km ENE of Pedro Bay, Alaska"
av91633091,av,"64 km ENE of Pedro Bay, Alaska"
av91633271,av,"60 km ENE of Pedro Bay, Alaska"
av91633576,av,"60 km ENE of Pedro Bay, Alaska"
av91633616,av,"87 km W of Adak, Alaska"
av91633621,av,"156 km W of Adak, Alaska"
av91633636,av,"61 km ENE of Pedro Bay, Alaska"
av91633906,av,"63 km ENE of Pedro Bay, Alaska"
av91634066,av,"37 km S of False Pass, Alaska"
av91634136,av,"19 km W of Adak, Alaska"
av91634201,av,"86 km W of Adak, Alaska"
av91634616,av,"61 km SE of Pedro Bay, Alaska"
av91634691,av,"90 km W of Adak, Alaska"
av91634841,av,"153 km W of Adak, Alaska"
av91634891,av,"85 km NNW of Karluk, Alaska"
av91635061,av,"61 km SE of Pedro Bay, Alaska"
av91635181,av,"130 km WSW of Adak, Alaska"
av91635346,av,"144 km W of Adak, Alaska"
av91636506,av,"62 km ENE of Pedro Bay, Alaska"
av91636606,av,"61 km ENE of Pedro Bay, Alaska"
av91636791,av,"168 km W of Adak, Alaska"
av91637106,av,"39 km NE of Adak, Alaska"
av91637171,av,"160 km W of Adak, Alaska"
av91638066,av,"35 km W of Adak, Alaska"
av91638211,av,"67 km WNW of Ninilchik, Alaska"
av91638306,av,"24 km W of Dutch Harbor, Alaska"
av91638481,av,"99 km NNW of Karluk, Alaska"
av91638601,av,"14 km N of Atka, Alaska"
av91638686,av,"85 km NNW of Karluk, Alaska"
av91638816,av,"62 km ENE of Pedro Bay, Alaska"
av91638891,av,"235 km W of Adak, Alaska"
av91638921,av,"234 km W of Adak, Alaska"
av91638936,av,"234 km W of Adak, Alaska"
av91638946,av,"234 km W of Adak, Alaska"
av91638951,av,"234 km W of Adak, Alaska"
av91638956,av,"234 km W of Adak, Alaska"
av91638981,av,"233 km W of Adak, Alaska"
av91639041,av,"65 km ENE of Pedro Bay, Alaska"
av91639171,av,"Rat Islands, Aleutian Islands, Alaska"
av91639216,av,"234 km W of Adak, Alaska"
av91639341,av,"85 km NW of Karluk, Alaska"
av91639351,av,"13 km WSW of Akutan, Alaska"
av91639491,av,"Rat Islands, Aleutian Islands, Alaska"
av91639576,av,"234 km W of Adak, Alaska"
av91639621,av,"13 km W of Akutan, Alaska"
ci37431012,ci,"7km NNE of Westmorland, CA"
ci37431324,ci,"17km ESE of Little Lake, CA"
ci37431484,ci,"13km SE of Bodfish, CA"
ci37431492,ci,"13km SE of Bodfish, CA"
ci37431644,ci,"17km N of Borrego Springs, CA"
ci37507189,ci,"15km SSW of Olancha, CA"
ci37507229,ci,"13km NE of Ridgecrest, CA"
ci37507237,ci,"14km NE of Ridgecrest, CA"
ci37507245,ci,"14km NE of Ridgecrest, CA"
ci37507253,ci,"14km NE of Ridgecrest, CA"
ci37507261,ci,"15km NE of Ridgecrest, CA"
ci37507269,ci,"12km NE of Ridgecrest, CA"
ci37507549,ci,"10km SSE of Ocotillo, CA"
ci37507557,ci,"11km NNE of Ocotillo Wells, CA"
ci37507565,ci,"14km NE of Ridgecrest, CA"
ci37507573,ci,"4km NW of Diamond Bar, CA"
ci37507581,ci,"8km ESE of Big Bear City, CA"
ci37507589,ci,"14km NE of Ridgecrest, CA"
ci37507605,ci,"14km NE of Ridgecrest, CA"
ci37507613,ci,"15km WSW of Searles Valley, CA"
ci37507621,ci,"22km ESE of Anza, CA"
ci37507709,ci,"13km WNW of Anza, CA"
ci40063007,ci,"6km NNW of Beaumont, CA"
ci40063047,ci,"25km N of California City, CA"
ci40063063,ci,"8km NE of Anza, CA"
ci40063071,ci,"13km ENE of Coso Junction, CA"
ci40063111,ci,"16km WNW of Progreso, B.C., MX"
ci40063119,ci,"13km ENE of Coso Junction, CA"
ci40063127,ci,"4km SW of Salton City, CA"
ci40063135,ci,"3km SW of Salton City, CA"
ci40063143,ci,"4km SW of Salton City, CA"
ci40063151,ci,"4km SW of Salton City, CA"
ci40063159,ci,"10km WSW of Lytle Creek, CA"
ci40063167,ci,"14km ENE of Coso Junction, CA"
ci40063175,ci,"16km W of Searles Valley, CA"
ci40063183,ci,"3km SW of Salton City, CA"
ci40063199,ci,"14km ENE of Coso Junction, CA"
ci40063207,ci,"10km WSW of Lytle Creek, CA"
ci40063215,ci,"4km SW of Salton City, CA"
ci40063223,ci,"23km NW of Ludlow, CA"
ci40063239,ci,"4km SW of Salton City, CA"
ci40063247,ci,"23km N of Ridgecrest, CA"
ci40063255,ci,"16km ENE of Thousand Palms, CA"
ci40063263,ci,"18km N of Borrego Springs, CA"
ci40063279,ci,"24km ENE of Coso Junction, CA"
ci40063287,ci,"4km SW of Salton City, CA"
ci40063295,ci,"4km SW of Salton City, CA"
ci40063327,ci,"5km NW of Morongo Valley, CA"
ci40063335,ci,"16km E of Little Lake, CA"
ci40063343,ci,"8km SW of Holtville, CA"
ci40063351,ci,"3km WSW of Salton City, CA"
ci40063359,ci,"4km SSE of Charter Oak, CA"
ci40063367,ci,"11km NNE of Ocotillo Wells, CA"
ci40063375,ci,"4km S of Charter Oak, CA"
ci40063383,ci,"4km SW of Salton City, CA"
ci40063391,ci,"13km NE of Ridgecrest, CA"
ci40063407,ci,"14km NE of Ridgecrest, CA"
ci40063415,ci,"15km WSW of Searles Valley, CA"
ci40063423,ci,"13km NE of Ridgecrest, CA"
ci40063431,ci,"13km NE of Ridgecrest, CA"
ci40063439,ci,"13km NE of Ridgecrest, CA"
ci40063447,ci,"14km NE of Ridgecrest, CA"
ci40063463,ci,"14km NE of Ridgecrest, CA"
ci40063471,ci,"13km NE of Ridgecrest, CA"
ci40063479,ci,"12km NE of Coso Junction, CA"
ci40063487,ci,"0km SSW of Anza, CA"
ci40063495,ci,"15km NE of Ridgecrest, CA"
ci40063511,ci,"13km NE of Ridgecrest, CA"
ci40063527,ci,"11km NNE of Ocotillo Wells, CA"
ci40063535,ci,"14km NE of Ridgecrest, CA"
ci40063543,ci,"14km NE of Ridgecrest, CA"
ci40063551,ci,"10km SW of Searles Valley, CA"
ci40063559,ci,"23km ENE of Coso Junction, CA"
ci40063567,ci,"13km NE of Ridgecrest, CA"
ci40063639,ci,"3km E of Loma Linda, CA"
ci40063647,ci,"14km NE of Ridgecrest, CA"
ci40063655,ci,"14km WSW of Searles Valley, CA"
ci40063663,ci,"9km N of Anza, CA"
ci40063671,ci,"4km SW of Salton City, CA"
ci40063679,ci,"11km NE of Indio, CA"
ci40063687,ci,"5km NW of Julian, CA"
ci40063695,ci,"4km S of Charter Oak, CA"
ci40063703,ci,"4km S of Warner Springs, CA"
ci40063711,ci,"9km S of Idyllwild, CA"
ci40063719,ci,"13km NE of Ridgecrest, CA"
ci40063727,ci,"14km NE of Ridgecrest, CA"
ci40063735,ci,"8km SSW of Idyllwild, CA"
ci40063751,ci,"13km ENE of Ocotillo Wells, CA"
ci40063759,ci,"12km N of Ocotillo Wells, CA"
ci40063767,ci,"4km SW of Salton City, CA"
ci40063775,ci,"9km NE of Borrego Springs, CA"
ci40063783,ci,"4km SSW of Idyllwild, CA"
ci40063791,ci,"20km SW of Ocotillo Wells, CA"
ci40063799,ci,"8km SSW of Idyllwild, CA"
ci40063815,ci,"9km ESE of Ocotillo Wells, CA"
ci40063823,ci,"11km NNE of Ocotillo Wells, CA"
ci40063831,ci,"11km NE of Indio, CA"
ci40063839,ci,"10km ENE of Villa Park, CA"
ci40063855,ci,"5km SW of Idyllwild, CA"
ci40063863,ci,"10km S of Idyllwild, CA"
ci40063871,ci,"2km SSW of Chatsworth, CA"
ci40063879,ci,"9km NE of Borrego Springs, CA"
ci40063887,ci,"13km NE of Ridgecrest, CA"
ci40063895,ci,"6km WNW of Calimesa, CA"
ci40063911,ci,"10km WSW of Morongo Valley, CA"
ci40063919,ci,"5km WNW of Calimesa, CA"
ci40063927,ci,"9km NE of Borrego Springs, CA"
ci40063935,ci,"6km SW of Banning, CA"
ci40063959,ci,"12km ENE of Ridgecrest, CA"
ci40063983,ci,"14km ENE of Ridgecrest, CA"
ci40063991,ci,"4km SE of Home Gardens, CA"
ci40063999,ci,"11km ENE of Ridgecrest, CA"
ci40064031,ci,"17km ESE of Little Lake, CA"
ci40064047,ci,"8km ENE of Coso Junction, CA"
ci40064055,ci,"9km SSW of Idyllwild, CA"
ci40064071,ci,"12km SW of Searles Valley, CA"
ci40064079,ci,"14km E of Ocotillo Wells, CA"
ci40064103,ci,"10km NNE of Ocotillo Wells, CA"
ci40064119,ci,"11km NE of Borrego Springs, CA"
ci40064135,ci,"18km ESE of Little Lake, CA"
ci40064143,ci,"17km ESE of Little Lake, CA"
ci40064151,ci,"18km ESE of Little Lake, CA"
ci40064159,ci,"7km E of Moreno Valley, CA"
ci40064167,ci,"15km NE of Ridgecrest, CA"
ci40064183,ci,"14km WSW of Searles Valley, CA"
ci40064191,ci,"17km ESE of Little Lake, CA"
ci40064199,ci,"7km ENE of Imperial, CA"
ci40064207,ci,"10km NE of Aguanga, CA"
ci40064215,ci,"18km W of Searles Valley, CA"
ci40064223,ci,"4km S of Idyllwild, CA"
ci40064239,ci,"16km N of Borrego Springs, CA"
ci40064247,ci,"10km NNE of Ocotillo Wells, CA"
ci40064279,ci,"18km SSW of Simmler, CA"
ci40064287,ci,"10km NNE of Ocotillo Wells, CA"
ci40064295,ci,"10km NNE of Ocotillo Wells, CA"
ci40064303,ci,"14km NE of Ridgecrest, CA"
ci40064311,ci,"5km SW of Warner Springs, CA"
ci40064319,ci,"13km NE of Ridgecrest, CA"
ci40064327,ci,"11km SW of Anza, CA"
ci40064335,ci,"13km NE of Ridgecrest, CA"
ci40064343,ci,"18km ESE of Little Lake, CA"
ci40064351,ci,"11km NNE of Ocotillo Wells, CA"
ci40064359,ci,"10km WSW of Searles Valley, CA"
ci40064367,ci,"12km ESE of Olancha, CA"
ci40064375,ci,"9km NNE of Banning, CA"
ci40064383,ci,"3km SW of Idyllwild, CA"
ci40064391,ci,"10km SSW of Idyllwild, CA"
ci40064399,ci,"68km S of Maneadero, B.C., MX"
ci40064415,ci,"16km W of Searles Valley, CA"
ci40064423,ci,"18km SSW of Simmler, CA"
ci40064431,ci,"8km NE of Moreno Valley, CA"
ci40064439,ci,"17km ESE of Anza, CA"
ci40064447,ci,"5km NW of Morongo Valley, CA"
ci40064455,ci,"12km SSW of Idyllwild, CA"
ci40064463,ci,"8km NNW of Julian, CA"
ci40064591,ci,"16km WNW of Progreso, B.C., MX"
ci40064599,ci,"16km WNW of Progreso, B.C., MX"
ci40064607,ci,"8km N of Lake Henshaw, CA"
ci40064639,ci,"6km NNW of Cabazon, CA"
ci40064663,ci,"11km ENE of Cabazon, CA"
ci40064687,ci,"11km NNE of Ocotillo Wells, CA"
ci40064703,ci,"15km WNW of Progreso, B.C., MX"
ci40064719,ci,"15km WNW of Progreso, B.C., MX"
ci40064727,ci,"10km SW of Anza, CA"
ci40064735,ci,"10km SW of Anza, CA"
ci40064743,ci,"10km NNE of Ocotillo Wells, CA"
ci40064751,ci,"11km NNE of Ocotillo Wells, CA"
ci40064759,ci,"8km ESE of Valle Vista, CA"
ci40064767,ci,"20km ESE of Tijuana, B.C., MX"
ci40064783,ci,"18km E of Little Lake, CA"
ci40064791,ci,"11km NNE of Ocotillo Wells, CA"
ci40064807,ci,"13km NE of Ridgecrest, CA"
ci40064815,ci,"10km NNE of Ocotillo Wells, CA"
ci40064847,ci,"24km ENE of Coso Junction, CA"
ci40064855,ci,"8km NNE of Westmorland, CA"
ci40064863,ci,"16km E of Little Lake, CA"
ci40064871,ci,"11km ENE of Indio, CA"
ci40064887,ci,"13km SSW of Borrego Springs, CA"
ci40064895,ci,"13km NE of Indio, CA"
ci40064903,ci,"13km SSW of Borrego Springs, CA"
ci40064911,ci,"15km SW of Searles Valley, CA"
ci40064919,ci,"13km SSE of Anza, CA"
ci40064927,ci,"7km S of Redlands, CA"
ci40064935,ci,"10km N of Warner Springs, CA"
ci40064943,ci,"4km SW of Salton City, CA"
ci40064951,ci,"2km WNW of Sylmar, CA"
ci40064959,ci,"11km SW of Anza, CA"
ci40064967,ci,"6km ESE of Coso Junction, CA"
ci40064975,ci,"9km NE of Borrego Springs, CA"
ci40064983,ci,"23km SSW of Newport Beach, CA"
ci40064991,ci,"6km E of Anza, CA"
ci40065007,ci,"7km NNW of Julian, CA"
ci40065023,ci,"14km NE of Ridgecrest, CA"
ci40065031,ci,"18km ESE of Little Lake, CA"
ci40065039,ci,"17km ESE of Little Lake, CA"
ci40065047,ci,"18km ESE of Little Lake, CA"
ci40065055,ci,"4km SW of Salton City, CA"
ci40065063,ci,"18km ESE of Little Lake, CA"
ci40065071,ci,"6km NNE of Little Lake, CA"
ci40065079,ci,"11km ESE of Ridgecrest, CA"
ci40065087,ci,"11km SW of Anza, CA"
ci40065095,ci,"26km ENE of Pine Valley, CA"
ci40065103,ci,"22km S of Trona, CA"
ci40065111,ci,"24km SSW of Ocotillo Wells, CA"
ci40065119,ci,"14km NE of Ridgecrest, CA"
ci40065127,ci,"18km E of Little Lake, CA"
ci40065143,ci,"21km ENE of Thousand Palms, CA"
ci40065151,ci,"23km SSW of Newport Beach, CA"
ci40065159,ci,"6km SSE of Banning, CA"
ci40065167,ci,"4km E of San Jacinto, CA"
ci40065175,ci,"22km ESE of Bodfish, CA"
ci40065183,ci,"10km NNE of Ocotillo Wells, CA"
ci40065191,ci,"20km SW of La Quinta, CA"
ci40065199,ci,"14km NE of Ridgecrest, CA"
ci40065215,ci,"7km SW of Anza, CA"
ci40065223,ci,"16km E of Little Lake, CA"
ci40065231,ci,"27km SSW of Ocotillo Wells, CA"
ci40065239,ci,"21km ESE of Anza, CA"
ci40065247,ci,"9km N of Cabazon, CA"
ci40065255,ci,"13km SE of Bodfish, CA"
ci40065263,ci,"12km SE of Bodfish, CA"
ci40065271,ci,"8km SW of Idyllwild, CA"
ci40065279,ci,"13km SE of Bodfish, CA"
ci40065287,ci,"13km SE of Bodfish, CA"
ci40065303,ci,"13km SE of Bodfish, CA"
ci40065311,ci,"20km ESE of Anza, CA"
ci40065319,ci,"13km SE of Bodfish, CA"
ci40065327,ci,"12km SE of Bodfish, CA"
ci40065335,ci,"18km ESE of Anza, CA"
ci40065343,ci,"6km SSE of Banning, CA"
ci40065351,ci,"5km SSW of Warner Springs, CA"
ci40065367,ci,"6km S of Idyllwild, CA"
ci40065375,ci,"13km SE of Bodfish, CA"
ci40065383,ci,"21km SW of La Quinta, CA"
ci40065391,ci,"3km ENE of Cabazon, CA"
ci40065399,ci,"4km SW of Salton City, CA"
ci40065407,ci,"27km SSW of Ocotillo Wells, CA"
ci40065423,ci,"3km SW of Salton City, CA"
ci40065431,ci,"4km SSW of Salton City, CA"
ci40065439,ci,"28km SSW of Ocotillo Wells, CA"
ci40065455,ci,"12km ENE of Ocotillo Wells, CA"
ci40065479,ci,"14km NNE of Banning, CA"
ci40065487,ci,"3km N of Colton, CA"
ci40065495,ci,"15km WSW of Searles Valley, CA"
ci40065503,ci,"20km ESE of Little Lake, CA"
ci40065511,ci,"22km WSW of Westmorland, CA"
ci40065519,ci,"4km SW of Salton City, CA"
ci40065535,ci,"11km NNE of Ocotillo Wells, CA"
ci40065543,ci,"11km SE of Tehachapi, CA"
ci40065551,ci,"4km SW of Salton City, CA"
ci40065559,ci,"13km WNW of Anza, CA"
ci40065567,ci,"5km NNW of Boron, CA"
ci40065575,ci,"7km ENE of Cabazon, CA"
ci40065591,ci,"4km SE of Lake Henshaw, CA"
ci40065599,ci,"22km ESE of Anza, CA"
ci40065607,ci,"4km SW of Salton City, CA"
ci40065615,ci,"25km ENE of Coso Junction, CA"
ci40065623,ci,"14km SW of Searles Valley, CA"
ci40065631,ci,"23km NE of Santa Ynez, CA"
ci40065639,ci,"4km SSW of Salton City, CA"
ci40065647,ci,"19km W of Searles Valley, CA"
ci40065663,ci,"6km WSW of Aguanga, CA"
ci40065671,ci,"12km ENE of Ocotillo Wells, CA"
ci40065703,ci,"36km ENE of Lucerne Valley, CA"
ci40065711,ci,"13km SSE of Anza, CA"
ci40065719,ci,"12km ENE of Ridgecrest, CA"
ci40065727,ci,"12km ENE of Ocotillo Wells, CA"
ci40065735,ci,"8km NNE of Borrego Springs, CA"
ci40065743,ci,"27km SSW of Ocotillo Wells, CA"
ci40065751,ci,"3km NNW of Loma Linda, CA"
ci40065759,ci,"10km N of Anza, CA"
ci40065783,ci,"12km NE of Little Lake, CA"
ci40065791,ci,"4km SSW of Salton City, CA"
ci40065807,ci,"4km WNW of Ventura, CA"
ci40065815,ci,"2km SW of Salton City, CA"
ci40065831,ci,"9km E of Borrego Springs, CA"
ci40065839,ci,"9km E of Borrego Springs, CA"
ci40065871,ci,"14km SE of Anza, CA"
ci40065887,ci,"20km S of Searles Valley, CA"
ci40065895,ci,"11km NNW of Anza, CA"
ci40065903,ci,"13km SE of Bodfish, CA"
ci40065927,ci,"13km SE of Bodfish, CA"
ci40065935,ci,"4km SSW of Mojave, CA"
ci40065943,ci,"8km ENE of Coso Junction, CA"
ci40065951,ci,"8km SW of Idyllwild, CA"
ci40065959,ci,"21km ESE of Little Lake, CA"
ci40065967,ci,"3km W of Yucaipa, CA"
ci40065983,ci,"5km N of Ocotillo Wells, CA"
ci40065991,ci,"10km NE of Coso Junction, CA"
ci40066007,ci,"13km SSE of Anza, CA"
ci40066015,ci,"2km E of Home Gardens, CA"
ci40066031,ci,"24km N of Ridgecrest, CA"
ci40066039,ci,"6km NW of Fontana, CA"
ci40066047,ci,"5km S of Banning, CA"
ci40066055,ci,"63km S of Maneadero, B.C., MX"
ci40066063,ci,"7km NE of Puebla, B.C., MX"
ci40066071,ci,"6km NNW of Boron, CA"
ci40066079,ci,"4km SW of Salton City, CA"
ci40066103,ci,"11km NW of Anza, CA"
ci40066111,ci,"9km ESE of Bodfish, CA"
ci40066119,ci,"18km ESE of Julian, CA"
ci40066127,ci,"14km SSE of Anza, CA"
ci40066135,ci,"7km ENE of Ridgecrest, CA"
ci40066143,ci,"13km ESE of Anza, CA"
ci40066151,ci,"11km NE of Cabazon, CA"
ci40066159,ci,"14km ESE of Anza, CA"
ci40066167,ci,"17km ESE of Julian, CA"
ci40066175,ci,"15km ESE of Julian, CA"
ci40066183,ci,"2km SE of San Jacinto, CA"
ci40066191,ci,"3km SSW of Salton City, CA"
ci40066199,ci,"15km ENE of Coso Junction, CA"
ci40066207,ci,"7km ENE of Anza, CA"
ci40066215,ci,"6km S of Redlands, CA"
ci40066223,ci,"6km S of Redlands, CA"
ci40066239,ci,"2km W of Salton City, CA"
ci40066247,ci,"6km NNW of Cabazon, CA"
ci40066263,ci,"21km E of Little Lake, CA"
ci40066271,ci,"9km NNE of Borrego Springs, CA"
ci40066319,ci,"28km N of Searles Valley, CA"
ci40066359,ci,"15km E of Little Lake, CA"
ci40066375,ci,"18km SE of Ocotillo Wells, CA"
ci40066407,ci,"1km S of San Marcos, CA"
ci40066423,ci,"5km WSW of Imperial, CA"
ci40066431,ci,"4km SW of Salton City, CA"
ci40066447,ci,"12km NE of Ridgecrest, CA"
ci40066463,ci,"13km ESE of Holtville, CA"
ci40066471,ci,"4km SE of Garnet, CA"
ci40066479,ci,"5km NNW of Boron, CA"
ci40066487,ci,"14km WSW of Searles Valley, CA"
ci40066495,ci,"13km SW of Searles Valley, CA"
ci40066503,ci,"19km N of Searles Valley, CA"
ci40066511,ci,"15km ENE of Coso Junction, CA"
ci40066519,ci,"12km SE of Bodfish, CA"
ci40066527,ci,"6km W of Marina del Rey, CA"
ci40066535,ci,"7km ENE of Anza, CA"
ci40066551,ci,"4km NW of Muscoy, CA"
ci40066567,ci,"4km SSW of Salton City, CA"
ci40066575,ci,"13km SE of Bodfish, CA"
ci40066583,ci,"9km ESE of Bodfish, CA"
ci40066591,ci,"17km N of Borrego Springs, CA"
ci40066599,ci,"7km NNW of Ventura, CA"
ci40066607,ci,"24km NE of Primo Tapia, B.C., MX"
ci40066615,ci,"32km SE of Johannesburg, CA"
ci40066631,ci,"29km ESE of Campo, CA"
ci40066647,ci,"10km W of Progreso, B.C., MX"
ci40066655,ci,"2km NE of Loma Linda, CA"
ci40066663,ci,"16km ESE of Little Lake, CA"
ci40066671,ci,"8km NNW of Ventura, CA"
ci40066687,ci,"11km NNW of Coso Junction, CA"
ci40066695,ci,"12km SE of Bodfish, CA"
ci40066719,ci,"10km NE of Borrego Springs, CA"
ci40066743,ci,"20km ESE of Little Lake, CA"
ci40066751,ci,"6km NE of Anza, CA"
ci40066767,ci,"14km SW of Searles Valley, CA"
ci40066775,ci,"27km ESE of Kernville, CA"
ci40066799,ci,"30km WSW of Olancha, CA"
ci40066815,ci,"12km WSW of Morongo Valley, CA"
ci40066823,ci,"7km S of Mojave, CA"
ci40066831,ci,"5km NE of Bradbury, CA"
ci40066839,ci,"13km W of Mojave, CA"
ci40066847,ci,"13km SW of Olancha, CA"
ci40066855,ci,"15km ENE of Coso Junction, CA"
ci40066879,ci,"10km NNE of Ocotillo Wells, CA"
ci40066911,ci,"1km SSW of Port Hueneme, CA"
ci40066951,ci,"13km S of Joshua Tree, CA"
ci40066975,ci,"19km E of Little Lake, CA"
ci40066983,ci,"13km SW of Olancha, CA"
ci40066991,ci,"11km SW of Anza, CA"
ci40066999,ci,"6km NE of Running Springs, CA"
ci40067023,ci,"15km SSW of Borrego Springs, CA"
ci40067039,ci,"7km S of Idyllwild, CA"
ci40067047,ci,"4km SW of Salton City, CA"
ci40067071,ci,"19km ESE of Little Lake, CA"
ci40067087,ci,"13km ESE of Anza, CA"
ci40067095,ci,"5km WSW of Imperial, CA"
ci40067111,ci,"4km ESE of Loma Linda, CA"
ci40067119,ci,"6km NE of San Pedro, CA"
ci40067127,ci,"9km N of Anza, CA"
ci40067135,ci,"20km N of Neenach, CA"
ci40067143,ci,"16km SE of Ocotillo Wells, CA"
ci40067151,ci,"2km SE of Colton, CA"
ci40067159,ci,"8km ENE of Anza, CA"
ci40067167,ci,"27km S of Trona, CA"
ci40067175,ci,"18km ESE of Little Lake, CA"
ci40067183,ci,"18km ESE of Little Lake, CA"
ci40067191,ci,"19km ESE of Little Lake, CA"
ci40067199,ci,"17km N of Borrego Springs, CA"
ci40067207,ci,"13km SE of Bodfish, CA"
ci40067215,ci,"13km NE of Indio, CA"
ci40067231,ci,"9km NNE of Coso Junction, CA"
ci40067239,ci,"13km WSW of Searles Valley, CA"
ci40067247,ci,"21km ESE of Little Lake, CA"
ci40067263,ci,"30km WSW of Olancha, CA"
hv73075182,hv,"9 km E of Pāhala, Hawaii"
hv73075267,hv,"7 km E of Pāhala, Hawaii"
hv73075297,hv,"18 km S of Fern Forest, Hawaii"
hv73075322,hv,"9 km ENE of Pāhala, Hawaii"
hv73075337,hv,"9 km ENE of Pāhala, Hawaii"
hv73075367,hv,"15 km S of Fern Forest, Hawaii"
hv73075412,hv,"8 km E of Pāhala, Hawaii"
hv73075457,hv,"3 km S of Pāhala, Hawaii"
hv73075512,hv,"10 km ENE of Pāhala, Hawaii"
hv73075587,hv,"11 km ESE of Pāhala, Hawaii"
hv73075632,hv,"5 km E of Pāhala, Hawaii"
hv73075767,hv,"2 km WNW of Pāhala, Hawaii"
hv73075772,hv,"Island of Hawaii, Hawaii"
hv73075777,hv,"4 km SSW of Pāhala, Hawaii"
hv73075797,hv,"4 km S of Pāhala, Hawaii"
hv73075802,hv,"3 km SSE of Pāhala, Hawaii"
hv73075982,hv,"10 km ENE of Pāhala, Hawaii"
hv73075992,hv,"10 km E of Pāhala, Hawaii"
hv73076012,hv,"14 km S of Volcano, Hawaii"
hv73076097,hv,"2 km S of Pāhala, Hawaii"
hv73076117,hv,"4 km SSE of Pāhala, Hawaii"
hv73076127,hv,"3 km WSW of Pāhala, Hawaii"
hv73076342,hv,"10 km SSE of Pāhala, Hawaii"
hv73076347,hv,"Island of Hawaii, Hawaii"
hv73076437,hv,"27 km E of Honaunau-Napoopoo, Hawaii"
hv73076457,hv,"5 km SSW of Pāhala, Hawaii"
hv73076472,hv,"27 km E of Honaunau-Napoopoo, Hawaii"
hv73076637,hv,"3 km S of Pāhala, Hawaii"
hv73076672,hv,"3 km WSW of Pāhala, Hawaii"
hv73076687,hv,"10 km SSE of Pāhala, Hawaii"
hv73076692,hv,"11 km SSE of Pāhala, Hawaii"
hv73076792,hv,"2 km SSW of Pāhala, Hawaii"
hv73076807,hv,"19 km WNW of Volcano, Hawaii"
hv73076877,hv,"8 km ENE of Pāhala, Hawaii"
hv73076942,hv,"6 km S of Pāhala, Hawaii"
hv73076952,hv,"6 km E of Pāhala, Hawaii"
hv73077377,hv,"13 km ESE of Pāhala, Hawaii"
hv73077392,hv,"5 km S of Pāhala, Hawaii"
hv73077407,hv,"6 km ENE of Pāhala, Hawaii"
hv73077422,hv,"3 km ESE of Pāhala, Hawaii"
hv73077467,hv,"11 km SE of Pāhala, Hawaii"
hv73077507,hv,"7 km S of Pāhala, Hawaii"
hv73077617,hv,"4 km SSE of Pāhala, Hawaii"
hv73077637,hv,"11 km ENE of Pāhala, Hawaii"
hv73077642,hv,"3 km SSW of Pāhala, Hawaii"
hv73077652,hv,"10 km N of Pāhala, Hawaii"
hv73077722,hv,"14 km ESE of Pāhala, Hawaii"
hv73077727,hv,"0 km ENE of Pāhala, Hawaii"
hv73077802,hv,"10 km ENE of Pāhala, Hawaii"
hv73077832,hv,"46 km ESE of Naalehu, Hawaii"
hv73077867,hv,"45 km ESE of Naalehu, Hawaii"
hv73077877,hv,"44 km ESE of Naalehu, Hawaii"
hv73077897,hv,"Island of Hawaii, Hawaii"
hv73077902,hv,"48 km SE of Naalehu, Hawaii"
hv73077907,hv,"46 km SE of Naalehu, Hawaii"
hv73077912,hv,"38 km ESE of Naalehu, Hawaii"
hv73077917,hv,"46 km SE of Naalehu, Hawaii"
hv73077927,hv,"55 km SE of Naalehu, Hawaii"
hv73077942,hv,"54 km SE of Naalehu, Hawaii"
hv73078007,hv,"50 km SE of Pāhala, Hawaii"
hv73078017,hv,"46 km SE of Naalehu, Hawaii"
hv73078022,hv,"11 km ENE of Pāhala, Hawaii"
hv73078052,hv,"47 km SE of Naalehu, Hawaii"
hv73078057,hv,"50 km SE of Naalehu, Hawaii"
hv73078067,hv,"10 km E of Pāhala, Hawaii"
hv73078072,hv,"51 km SE of Naalehu, Hawaii"
hv73078082,hv,"48 km SE of Naalehu, Hawaii"
hv73078117,hv,"4 km SSE of Pāhala, Hawaii"
hv73078157,hv,"43 km SE of Naalehu, Hawaii"
hv73078167,hv,"3 km SSE of Pāhala, Hawaii"
hv73078262,hv,"47 km SE of Naalehu, Hawaii"
hv73078412,hv,"5 km S of Pāhala, Hawaii"
hv73078452,hv,"Island of Hawaii, Hawaii"
hv73078462,hv,"3 km SSE of Pāhala, Hawaii"
hv73078482,hv,"7 km E of Pāhala, Hawaii"
hv73078512,hv,"7 km ENE of Pāhala, Hawaii"
hv73078537,hv,"6 km SSW of Pāhala, Hawaii"
hv73078547,hv,"4 km SSE of Pāhala, Hawaii"
hv73078602,hv,"Hawaii region, Hawaii"
hv73078612,hv,"50 km SE of Naalehu, Hawaii"
hv73078767,hv,"45 km ESE of Naalehu, Hawaii"
hv73078782,hv,"3 km S of Pāhala, Hawaii"
hv73078817,hv,"10 km SE of Pāhala, Hawaii"
hv73078822,hv,"45 km SE of Naalehu, Hawaii"
hv73078827,hv,"4 km SSE of Pāhala, Hawaii"
hv73078882,hv,"Island of Hawaii, Hawaii"
hv73078902,hv,"10 km ENE of Pāhala, Hawaii"
hv73078927,hv,"45 km ESE of Naalehu, Hawaii"
hv73078997,hv,"6 km SSE of Pāhala, Hawaii"
hv73079007,hv,"43 km ESE of Naalehu, Hawaii"
hv73079022,hv,"44 km ESE of Naalehu, Hawaii"
hv73079087,hv,"6 km SSE of Pāhala, Hawaii"
hv73079162,hv,"8 km E of Pāhala, Hawaii"
hv73079302,hv,"3 km SSW of Pāhala, Hawaii"
hv73079527,hv,"29 km E of Honaunau-Napoopoo, Hawaii"
hv73079592,hv,"23 km ENE of Honaunau-Napoopoo, Hawaii"
hv73079687,hv,"0 km SE of Pāhala, Hawaii"
hv73079702,hv,"12 km ESE of Pāhala, Hawaii"
hv73079757,hv,"4 km SW of Pāhala, Hawaii"
hv73079797,hv,"64 km SE of Naalehu, Hawaii"
hv73079817,hv,"44 km SE of Naalehu, Hawaii"
hv73080092,hv,"13 km SSE of Volcano, Hawaii"
hv73080287,hv,"3 km SSE of Pāhala, Hawaii"
hv73080327,hv,"10 km NW of Volcano, Hawaii"
hv73080457,hv,"3 km SSE of Pāhala, Hawaii"
hv73080467,hv,"3 km SSW of Pāhala, Hawaii"
hv73080472,hv,"14 km S of Fern Forest, Hawaii"
hv73080492,hv,"53 km SE of Naalehu, Hawaii"
hv73080502,hv,"4 km SSW of Pāhala, Hawaii"
hv73080507,hv,"4 km SW of Pāhala, Hawaii"
hv73080627,hv,"5 km SSW of Pāhala, Hawaii"
hv73080667,hv,"42 km ESE of Naalehu, Hawaii"
hv73080672,hv,"43 km ESE of Naalehu, Hawaii"
hv73080677,hv,"41 km ESE of Naalehu, Hawaii"
hv73080712,hv,"6 km SSW of Volcano, Hawaii"
hv73080762,hv,"17 km N of Pāhala, Hawaii"
hv73080787,hv,"5 km SW of Volcano, Hawaii"
hv73080872,hv,"8 km S of Pāhala, Hawaii"
hv73081147,hv,"8 km E of Pāhala, Hawaii"
hv73081272,hv,"4 km SSW of Pāhala, Hawaii"
hv73081387,hv,"21 km E of Honaunau-Napoopoo, Hawaii"
hv73081397,hv,"20 km ENE of Honaunau-Napoopoo, Hawaii"
hv73081592,hv,"10 km ENE of Pāhala, Hawaii"
hv73081617,hv,"22 km E of Honaunau-Napoopoo, Hawaii"
hv73081632,hv,"11 km ENE of Pāhala, Hawaii"
hv73081682,hv,"7 km SW of Volcano, Hawaii"
hv73081692,hv,"22 km ENE of Honaunau-Napoopoo, Hawaii"
hv73081702,hv,"24 km N of Pāhala, Hawaii"
hv73081757,hv,"7 km E of Pāhala, Hawaii"
hv73081832,hv,"44 km ESE of Naalehu, Hawaii"
hv73081842,hv,"9 km ENE of Pāhala, Hawaii"
hv73081977,hv,"8 km E of Pāhala, Hawaii"
hv73082007,hv,"8 km E of Pāhala, Hawaii"
hv73082192,hv,"10 km WSW of Volcano, Hawaii"
hv73082207,hv,"11 km ENE of Pāhala, Hawaii"
hv73082217,hv,"8 km ENE of Pāhala, Hawaii"
hv73082227,hv,"9 km ENE of Pāhala, Hawaii"
hv73082287,hv,"3 km SSE of Pāhala, Hawaii"
hv73082497,hv,"26 km E of Honaunau-Napoopoo, Hawaii"
hv73082517,hv,"Island of Hawaii, Hawaii"
hv73082737,hv,"3 km S of Pāhala, Hawaii"
hv73082757,hv,"31 km E of Honaunau-Napoopoo, Hawaii"
hv73082842,hv,"21 km E of Honaunau-Napoopoo, Hawaii"
hv73082882,hv,"22 km E of Honaunau-Napoopoo, Hawaii"
hv73082917,hv,"4 km S of Pāhala, Hawaii"
hv73082987,hv,"11 km ESE of Waimea, Hawaii"
hv73083067,hv,"10 km ENE of Pāhala, Hawaii"
hv73083072,hv,"5 km SSE of Pāhala, Hawaii"
hv73083077,hv,"19 km WSW of Volcano, Hawaii"
hv73083082,hv,"10 km ENE of Pāhala, Hawaii"
hv73083137,hv,"11 km ENE of Pāhala, Hawaii"
hv73083142,hv,"12 km ESE of Pāhala, Hawaii"
hv73083147,hv,"45 km ESE of Naalehu, Hawaii"
hv73083192,hv,"27 km E of Honaunau-Napoopoo, Hawaii"
hv73083197,hv,"4 km ENE of Pāhala, Hawaii"
hv73083202,hv,"4 km SSE of Pāhala, Hawaii"
hv73083292,hv,"9 km E of Pāhala, Hawaii"
mb80551349,mb,"16 km E of Paradise, Montana"
mb80551394,mb,"12 km WNW of Stanley, Idaho"
mb80551414,mb,"10 km E of Toston, Montana"
mb80551429,mb,"4 km NW of Helena Valley Northwest, Montana"
mb80551434,mb,"4 km N of Jackson, Wyoming"
mb80551439,mb,"36 km W of Challis, Idaho"
mb80551449,mb,"28 km SW of Stanley, Idaho"
mb80551454,mb,"10 km NNE of Marysville, Montana"
mb80551459,mb,"37 km W of Challis, Idaho"
mb80551464,mb,"11 km NE of Stanley, Idaho"
mb80551479,mb,"11 km NE of Stanley, Idaho"
mb80551484,mb,"12 km NE of Stanley, Idaho"
mb80551489,mb,"10 km ESE of Victor, Idaho"
mb80551504,mb,"15 km W of Drummond, Montana"
mb80551519,mb,"0 km NNW of Jette, Montana"
mb80551524,mb,"1 km NW of Jette, Montana"
mb80551529,mb,"6 km ENE of Rollins, Montana"
mb80551534,mb,"11 km NE of Stanley, Idaho"
mb80551539,mb,"16 km SE of Swan Lake, Montana"
mb80551544,mb,"6 km NE of Dillon, Montana"
mb80551564,mb,southern Idaho
mb80551574,mb,southern Idaho
mb80551589,mb,"11 km NE of Stanley, Idaho"
mb80551599,mb,"2 km WSW of Logan, Montana"
mb80551609,mb,"6 km ENE of Rollins, Montana"
mb80551614,mb,"24 km NW of Stanley, Idaho"
mb80551619,mb,"19 km WNW of Stanley, Idaho"
mb80551629,mb,"11 km NE of Stanley, Idaho"
mb80551639,mb,"12 km NE of Stanley, Idaho"
mb80551674,mb,"10 km NE of Stanley, Idaho"
mb80551679,mb,"12 km NE of Stanley, Idaho"
mb80551684,mb,"10 km NE of Stanley, Idaho"
mb80551689,mb,"11 km NE of Stanley, Idaho"
mb80551699,mb,"35 km NW of Stanley, Idaho"
mb80551709,mb,"50 km NE of Kelly, Wyoming"
mb80551724,mb,"18 km WNW of Stanley, Idaho"
mb80551734,mb,"7 km WNW of Stanley, Idaho"
mb80551739,mb,"6 km WNW of Stanley, Idaho"
mb80551744,mb,"31 km NW of Stanley, Idaho"
nc71128514,nc,"8km NNE of Walker, CA"
nc71128519,nc,"6km NW of The Geysers, CA"
nc71128524,nc,"3km WSW of Anderson Springs, CA"
nc71128534,nc,"7km NW of The Geysers, CA"
nc71128539,nc,"5km WNW of The Geysers, CA"
nc71128544,nc,"10km NNW of Healdsburg, CA"
nc71128549,nc,"9km WNW of Cobb, CA"
nc71128554,nc,"1km ESE of Pacifica, CA"
nc71128559,nc,"3km SW of Anderson Springs, CA"
nc71128564,nc,"8km W of Cobb, CA"
nc71128569,nc,"8km W of Cobb, CA"
nc71128574,nc,"3km SE of The Geysers, CA"
nc71128579,nc,"7km NW of The Geysers, CA"
nc73758596,nc,"19km SW of Point Reyes, CA"
nc73758606,nc,"23km NE of King City, CA"
nc73758611,nc,"12km NW of The Geysers, CA"
nc73758636,nc,"16km SE of Pinnacles, CA"
nc73758651,nc,"7km NNE of Walker, CA"
nc73758661,nc,"7km E of Mammoth Lakes, CA"
nc73758676,nc,"6km WNW of The Geysers, CA"
nc73758681,nc,"6km WNW of The Geysers, CA"
nc73758686,nc,"6km WNW of The Geysers, CA"
nc73758691,nc,"6km WNW of The Geysers, CA"
nc73758701,nc,"6km WNW of The Geysers, CA"
nc73758706,nc,"6km WNW of The Geysers, CA"
nc73758711,nc,"4km SE of Mammoth Lakes, CA"
nc73758716,nc,"9km SSE of Mammoth Lakes, CA"
nc73758721,nc,"9km SSE of Mammoth Lakes, CA"
nc73758736,nc,"1km N of The Geysers, CA"
nc73758751,nc,"8km NW of The Geysers, CA"
nc73758756,nc,"12km SSW of Somes Bar, CA"
nc73758766,nc,"4km NW of Sunol, CA"
nc73758776,nc,"4km N of Boonville, CA"
nc73758781,nc,"3km SW of Anderson Springs, CA"
nc73758791,nc,"7km W of Cobb, CA"
nc73758796,nc,"8km SSW of Tres Pinos, CA"
nc73758801,nc,"3km E of The Geysers, CA"
nc73758811,nc,"3km NW of The Geysers, CA"
nc73758821,nc,"3km ESE of Pacifica, CA"
nc73758836,nc,"5km E of Caribou, CA"
nc73758846,nc,"2km ESE of The Geysers, CA"
nc73758851,nc,"5km W of Mammoth Lakes, CA"
nc73758856,nc,"8km NNE of Walker, CA"
nc73758861,nc,"2km NNE of The Geysers, CA"
nc73758866,nc,"2km NNE of The Geysers, CA"
nc73758876,nc,"10km NE of Mineral, CA"
nc73758881,nc,"7km NW of The Geysers, CA"
nc73758886,nc,"3km ESE of Pacifica, CA"
nc73758891,nc,"9km ENE of Brooktrails, CA"
nc73758901,nc,"4km W of Cobb, CA"
nc73758906,nc,"3km NW of The Geysers, CA"
nc73758911,nc,"3km NW of The Geysers, CA"
nc73758916,nc,"2km NNW of The Geysers, CA"
nc73758926,nc,"8km NW of The Geysers, CA"
nc73758936,nc,"2km NW of The Geysers, CA"
nc73758941,nc,"8km W of Cobb, CA"
nc73758951,nc,"8km ENE of Cloverdale, CA"
nc73758956,nc,"8km SSE of Laytonville, CA"
nc73758966,nc,"3km ENE of The Geysers, CA"
nc73758971,nc,"7km NNE of Walker, CA"
nc73758976,nc,"7km NW of The Geysers, CA"
nc73758986,nc,"10km NW of Parkfield, CA"
nc73758991,nc,"3km ESE of Pacifica, CA"
nc73758996,nc,"3km ESE of Pacifica, CA"
nc73759006,nc,"8km WNW of Cobb, CA"
nc73759011,nc,"1km SSE of Mammoth Lakes, CA"
nc73759021,nc,"3km SSE of Mammoth Lakes, CA"
nc73759026,nc,"4km NNE of New Idria, CA"
nc73759031,nc,"3km ESE of Pacifica, CA"
nc73759036,nc,"5km W of Cobb, CA"
nc73759041,nc,"2km NW of The Geysers, CA"
nc73759051,nc,"6km W of Cobb, CA"
nc73759061,nc,"2km NNW of The Geysers, CA"
nc73759076,nc,"3km ESE of Pacifica, CA"
nc73759086,nc,"10km WNW of The Geysers, CA"
nc73759096,nc,"6km WNW of Cobb, CA"
nc73759106,nc,"8km SW of Tres Pinos, CA"
nc73759111,nc,"8km W of Cobb, CA"
nc73759116,nc,"2km NW of Cobb, CA"
nc73759121,nc,"2km NW of Cobb, CA"
nc73759126,nc,"2km NW of Anderson Springs, CA"
nc73759131,nc,"2km ENE of The Geysers, CA"
nc73759136,nc,"2km ENE of The Geysers, CA"
nc73759141,nc,"8km W of Cobb, CA"
nc73759146,nc,"8km W of Cobb, CA"
nc73759151,nc,"9km WNW of Cobb, CA"
nc73759156,nc,"14km SW of Toms Place, CA"
nc73759161,nc,"9km E of Mammoth Lakes, CA"
nc73759166,nc,"2km SSE of Mammoth Lakes, CA"
nc73759176,nc,"7km NW of The Geysers, CA"
nc73759181,nc,"12km ENE of Cloverdale, CA"
nc73759186,nc,"8km W of Cobb, CA"
nc73759201,nc,"2km ENE of Cloverdale, CA"
nc73759206,nc,"4km NW of Walker, CA"
nc73759211,nc,"1km W of The Geysers, CA"
nc73759216,nc,"7km NW of The Geysers, CA"
nc73759221,nc,"7km WNW of The Geysers, CA"
nc73759226,nc,"18km NW of Parkfield, CA"
nc73759231,nc,"3km N of The Geysers, CA"
nc73759236,nc,"3km ESE of Pacifica, CA"
nc73759241,nc,"3km ESE of Pacifica, CA"
nc73759246,nc,"7km WNW of Cobb, CA"
nc73759251,nc,"7km WNW of Cobb, CA"
nc73759256,nc,"15km SE of Mammoth Lakes, CA"
nc73759261,nc,"7km WNW of Cobb, CA"
nc73759266,nc,"5km SW of Glen Ellen, CA"
nc73759271,nc,"6km W of Cobb, CA"
nc73759276,nc,"1km ESE of The Geysers, CA"
nc73759286,nc,"3km WSW of Anderson Springs, CA"
nc73759296,nc,"3km WNW of Anderson Springs, CA"
nc73759301,nc,"9km SE of Mammoth Lakes, CA"
nc73759311,nc,"3km SW of Anderson Springs, CA"
nc73759326,nc,"15km W of Toms Place, CA"
nc73759331,nc,"7km NW of The Geysers, CA"
nc73759341,nc,"3km ENE of The Geysers, CA"
nc73759346,nc,"12km WSW of Toms Place, CA"
nc73759351,nc,"9km NW of The Geysers, CA"
nc73759356,nc,"8km WNW of Cobb, CA"
nc73759361,nc,"7km WNW of Cobb, CA"
nc73759366,nc,"5km WNW of The Geysers, CA"
nc73759371,nc,"11km NE of Milpitas, CA"
nc73759386,nc,"9km WNW of The Geysers, CA"
nc73759391,nc,"5km NW of The Geysers, CA"
nc73759396,nc,"5km NW of The Geysers, CA"
nc73759401,nc,"8km WNW of Cobb, CA"
nc73759406,nc,"8km W of Cobb, CA"
nc73759411,nc,"3km NE of The Geysers, CA"
nc73759416,nc,"8km WNW of Cobb, CA"
nc73759421,nc,"7km NW of The Geysers, CA"
nc73759426,nc,"3km ESE of Pacifica, CA"
nc73759431,nc,"12km ESE of Mammoth Lakes, CA"
nc73759436,nc,"3km ESE of Pacifica, CA"
nc73759441,nc,"7km WNW of Cobb, CA"
nc73759451,nc,"7km NW of Pinnacles, CA"
nc73759456,nc,"2km E of Alamo, CA"
nc73759461,nc,"8km NNE of Walker, CA"
nc73759466,nc,"3km NNW of The Geysers, CA"
nc73759471,nc,"9km WNW of The Geysers, CA"
nc73759476,nc,"8km NW of The Geysers, CA"
nc73759486,nc,"3km ESE of Pacifica, CA"
nc73759491,nc,"3km ESE of Pacifica, CA"
nc73759496,nc,"2km ENE of The Geysers, CA"
nc73759501,nc,"3km ESE of Pacifica, CA"
nc73759506,nc,"2km SW of Cobb, CA"
nc73759511,nc,"3km ESE of Pacifica, CA"
nc73759521,nc,"16km SE of Pinnacles, CA"
nc73759526,nc,"5km W of Cobb, CA"
nc73759531,nc,"13km SE of Mammoth Lakes, CA"
nc73759541,nc,"8km NE of San Simeon, CA"
nc73759546,nc,"9km SSE of Mammoth Lakes, CA"
nc73759551,nc,"10km SSE of Mammoth Lakes, CA"
nc73759561,nc,"3km SSW of Anderson Springs, CA"
nc73759566,nc,"8km NW of The Geysers, CA"
nc73759571,nc,"7km NW of The Geysers, CA"
nc73759576,nc,"7km W of Cobb, CA"
nc73759581,nc,"7km NW of The Geysers, CA"
nc73759586,nc,"7km NW of The Geysers, CA"
nc73759591,nc,"7km NW of The Geysers, CA"
nc73759596,nc,"7km NW of The Geysers, CA"
nc73759601,nc,"7km NW of The Geysers, CA"
nc73759606,nc,"7km NW of The Geysers, CA"
nc73759611,nc,"8km NW of The Geysers, CA"
nc73759616,nc,"7km NW of The Geysers, CA"
nc73759621,nc,"7km NW of The Geysers, CA"
nc73759626,nc,"8km NW of The Geysers, CA"
nc73759631,nc,"7km NW of The Geysers, CA"
nc73759636,nc,"7km NW of The Geysers, CA"
nc73759641,nc,"5km W of Cobb, CA"
nc73759646,nc,"7km NW of The Geysers, CA"
nc73759651,nc,"7km NW of The Geysers, CA"
nc73759656,nc,"8km NW of The Geysers, CA"
nc73759661,nc,"6km NW of The Geysers, CA"
nc73759666,nc,"7km NW of The Geysers, CA"
nc73759671,nc,"7km NW of The Geysers, CA"
nc73759676,nc,"6km ESE of Santa Rosa, CA"
nc73759686,nc,"6km W of Cobb, CA"
nc73759691,nc,"9km WNW of Cobb, CA"
nc73759696,nc,"6km W of Cobb, CA"
nc73759711,nc,"8km NW of The Geysers, CA"
nc73759726,nc,"10km SSE of Mammoth Lakes, CA"
nc73759736,nc,"7km NW of The Geysers, CA"
nc73759741,nc,"12km SE of Mammoth Lakes, CA"
nc73759746,nc,"7km NW of The Geysers, CA"
nc73759751,nc,"7km NW of The Geysers, CA"
nc73759756,nc,"8km NW of The Geysers, CA"
nc73759766,nc,"6km WNW of Cobb, CA"
nc73759771,nc,"7km NW of The Geysers, CA"
nc73759776,nc,"3km NE of The Geysers, CA"
nc73759781,nc,"12km SE of Cloverdale, CA"
nc73759796,nc,"7km N of Pinnacles, CA"
nc73759801,nc,"6km WNW of The Geysers, CA"
nc73759806,nc,"8km NW of The Geysers, CA"
nc73759811,nc,"7km NW of The Geysers, CA"
nc73759816,nc,"6km NW of The Geysers, CA"
nc73759821,nc,"7km NW of The Geysers, CA"
nc73759826,nc,"7km NNE of Walker, CA"
nc73759831,nc,"8km W of Cobb, CA"
nc73759841,nc,"12km ESE of Mammoth Lakes, CA"
nc73759846,nc,"12km ESE of Mammoth Lakes, CA"
nc73759861,nc,"6km WNW of The Geysers, CA"
nc73759866,nc,"12km ESE of Mammoth Lakes, CA"
nc73759871,nc,"6km W of Cobb, CA"
nc73759876,nc,"34km SSW of Qualeys Camp, NV"
nc73759881,nc,"7km NW of The Geysers, CA"
nc73759886,nc,"6km W of Cobb, CA"
nc73759891,nc,"16km E of Seven Trees, CA"
nc73759906,nc,"7km NW of The Geysers, CA"
nc73759911,nc,"7km NW of The Geysers, CA"
nc73759916,nc,"4km E of Boonville, CA"
nc73759926,nc,"11km SW of Tres Pinos, CA"
nc73759936,nc,"7km NW of The Geysers, CA"
nc73759941,nc,"10km WSW of Round Valley, CA"
nc73759946,nc,"4km NNW of The Geysers, CA"
nc73759951,nc,"4km NNW of The Geysers, CA"
nc73759961,nc,"4km NNW of The Geysers, CA"
nc73759966,nc,"7km NW of The Geysers, CA"
nc73759971,nc,"4km NNW of The Geysers, CA"
nc73759976,nc,"7km NW of The Geysers, CA"
nc73759981,nc,"7km NW of The Geysers, CA"
nc73759986,nc,"3km SW of Anderson Springs, CA"
nc73759991,nc,"8km NW of The Geysers, CA"
nc73759996,nc,"6km WNW of Cobb, CA"
nc73760001,nc,"7km NW of The Geysers, CA"
nc73760006,nc,"8km WSW of Round Valley, CA"
nc73760011,nc,"3km SE of The Geysers, CA"
nc73760026,nc,"8km ENE of Cloverdale, CA"
nc73760031,nc,"10km NW of The Geysers, CA"
nc73760036,nc,"6km WNW of Cobb, CA"
nc73760041,nc,"7km WNW of Cobb, CA"
nc73760056,nc,"4km WNW of The Geysers, CA"
nc73760066,nc,"11km N of Healdsburg, CA"
nc73760071,nc,"2km NW of The Geysers, CA"
nc73760076,nc,"6km NW of The Geysers, CA"
nc73760086,nc,"6km WNW of Cobb, CA"
nc73760091,nc,"7km NW of The Geysers, CA"
nc73760101,nc,"21km NE of San Lucas, CA"
nc73760106,nc,"7km NW of The Geysers, CA"
nc73760111,nc,"8km NW of The Geysers, CA"
nc73760116,nc,"13km ENE of Cloverdale, CA"
nc73760121,nc,"7km NW of The Geysers, CA"
nc73760126,nc,"16km NW of Parkfield, CA"
nc73760131,nc,"8km W of Cobb, CA"
nc73760136,nc,"8km WNW of Cobb, CA"
nc73760141,nc,"3km ESE of The Geysers, CA"
nc73760146,nc,"15km NW of Parkfield, CA"
nc73760151,nc,"6km NW of The Geysers, CA"
nc73760156,nc,"4km SSW of Anderson Springs, CA"
nc73760166,nc,"4km SSW of Anderson Springs, CA"
nc73760171,nc,"12km ESE of Mammoth Lakes, CA"
nc73760176,nc,"17km WSW of Toms Place, CA"
nc73760181,nc,"7km NW of The Geysers, CA"
nc73760186,nc,"2km WNW of Anderson Springs, CA"
nc73760191,nc,"8km NW of San Francisco Zoo, CA"
nc73760196,nc,"6km WNW of Cobb, CA"
nc73760201,nc,"4km SSW of Anderson Springs, CA"
nc73760206,nc,"13km ENE of Cloverdale, CA"
nc73760211,nc,"4km NNW of The Geysers, CA"
nc73760216,nc,"8km NW of The Geysers, CA"
nc73760221,nc,"8km NW of The Geysers, CA"
nc73760226,nc,"6km WNW of The Geysers, CA"
nc73760231,nc,"6km WNW of The Geysers, CA"
nc73760236,nc,"8km NW of San Francisco Zoo, CA"
nc73760241,nc,"6km WNW of Cobb, CA"
nc73760246,nc,"2km WNW of Anderson Springs, CA"
nc73760251,nc,"4km NNW of The Geysers, CA"
nc73760256,nc,"2km NW of The Geysers, CA"
nc73760261,nc,"10km NNW of Healdsburg, CA"
nc73760266,nc,"7km WNW of Cobb, CA"
nc73760271,nc,"7km WNW of Cobb, CA"
nc73760276,nc,"7km WNW of Cobb, CA"
nc73760306,nc,"7km WNW of Cobb, CA"
nc73760311,nc,"18km WSW of Wilkerson, CA"
nc73760316,nc,"9km WNW of Cobb, CA"
nc73760321,nc,"9km WNW of Cobb, CA"
nc73760336,nc,"7km NW of The Geysers, CA"
nc73760341,nc,"7km WNW of The Geysers, CA"
nc73760351,nc,"7km NW of The Geysers, CA"
nc73760356,nc,"16km NE of Alum Rock, CA"
nc73760361,nc,"6km WNW of Cobb, CA"
nc73760366,nc,"6km W of Cobb, CA"
nc73760371,nc,"2km NNW of Dixon Lane-Meadow Creek, CA"
nc73760386,nc,"6km NW of The Geysers, CA"
nc73760391,nc,"4km SW of Anderson Springs, CA"
nc73760396,nc,"3km SW of Anderson Springs, CA"
nc73760406,nc,"3km SW of Anderson Springs, CA"
nc73760411,nc,"3km SW of Anderson Springs, CA"
nc73760416,nc,"3km SW of Anderson Springs, CA"
nc73760421,nc,"7km NW of The Geysers, CA"
nc73760441,nc,"8km WNW of Cobb, CA"
nc73760451,nc,"3km S of Cobb, CA"
nc73760456,nc,"7km NW of The Geysers, CA"
nc73760461,nc,"7km NW of The Geysers, CA"
nc73760466,nc,"3km SW of Anderson Springs, CA"
nc73760471,nc,"18km SE of Burney, CA"
nc73760486,nc,"6km NW of The Geysers, CA"
nc73760491,nc,"7km NW of The Geysers, CA"
nc73760501,nc,"9km WNW of Cobb, CA"
nc73760511,nc,"7km NW of The Geysers, CA"
nc73760516,nc,"2km NNE of The Geysers, CA"
nc73760536,nc,"2km NW of The Geysers, CA"
nc73760541,nc,"15km SE of Mammoth Lakes, CA"
nc73760546,nc,"6km WNW of The Geysers, CA"
nc73760556,nc,"4km W of Cobb, CA"
nc73760561,nc,"20km ENE of Navarro Head, CA"
nc73760566,nc,"6km WNW of The Geysers, CA"
nc73760571,nc,"6km WNW of The Geysers, CA"
nc73760576,nc,"6km WNW of The Geysers, CA"
nc73760581,nc,"6km WNW of The Geysers, CA"
nc73760586,nc,"6km WNW of The Geysers, CA"
nc73760591,nc,"6km WNW of The Geysers, CA"
nc73760596,nc,"5km WNW of The Geysers, CA"
nc73760601,nc,"9km ENE of Mammoth Lakes, CA"
nc73760611,nc,"10km ENE of Mammoth Lakes, CA"
nc73760621,nc,"10km ENE of Mammoth Lakes, CA"
nc73760636,nc,"6km WNW of The Geysers, CA"
nc73760651,nc,"25km ENE of San Ardo, CA"
nc73760656,nc,"44km NNE of Toms Place, CA"
nc73760661,nc,"64km W of Petrolia, CA"
nc73760666,nc,"6km WNW of The Geysers, CA"
nc73760676,nc,"44km NNE of Toms Place, CA"
nc73760681,nc,"6km NW of The Geysers, CA"
nc73760686,nc,"6km NW of The Geysers, CA"
nc73760696,nc,"6km ENE of Bonadelle Ranchos-Madera Ranchos, CA"
nc73760701,nc,"12km E of Boonville, CA"
nc73760706,nc,"8km WNW of The Geysers, CA"
nc73760711,nc,"8km NNE of Shasta Lake, CA"
nc73760726,nc,"32km SW of Mammoth Lakes, CA"
nc73760731,nc,"6km WNW of The Geysers, CA"
nc73760736,nc,"4km WSW of Colma, CA"
nc73760756,nc,"7km W of Cobb, CA"
nc73760761,nc,"4km WSW of Colma, CA"
nc73760776,nc,"6km ESE of Tres Pinos, CA"
nc73760781,nc,"2km NNW of The Geysers, CA"
nc73760786,nc,"13km W of Toms Place, CA"
nc73760796,nc,"6km WNW of The Geysers, CA"
nc73760801,nc,"2km ESE of The Geysers, CA"
nc73760806,nc,"5km WSW of Ridgemark, CA"
nc73760811,nc,"7km WNW of Cobb, CA"
nc73760821,nc,"8km SSE of Bootjack, CA"
nc73760836,nc,"8km WNW of Cobb, CA"
nc73760841,nc,"9km NW of The Geysers, CA"
nc73760846,nc,"7km NW of The Geysers, CA"
nc73760851,nc,"6km NW of The Geysers, CA"
nc73760856,nc,"8km NW of The Geysers, CA"
nc73760861,nc,"16km NNE of Sea Ranch, CA"
nc73760866,nc,"8km NW of The Geysers, CA"
nc73760871,nc,"7km W of Cobb, CA"
nc73760881,nc,"7km WNW of Cobb, CA"
nc73760896,nc,"7km NW of The Geysers, CA"
nc73760906,nc,"6km NW of The Geysers, CA"
nc73760911,nc,"2km WNW of Anderson Springs, CA"
nc73760921,nc,"14km SE of Mammoth Lakes, CA"
nc73760926,nc,"8km NW of The Geysers, CA"
nc73760931,nc,"1km WSW of Pacifica, CA"
nc73760936,nc,"5km NNW of The Geysers, CA"
nc73760946,nc,"6km NW of Parkfield, CA"
nc73760956,nc,"16km SW of Toms Place, CA"
nc73760976,nc,"10km NW of Parkfield, CA"
nc73760986,nc,"24km NE of Pinnacles, CA"
nc73760996,nc,"7km ENE of Hidden Valley Lake, CA"
nc73761001,nc,"8km WSW of Ridgemark, CA"
nc73761006,nc,"7km SE of Pinnacles, CA"
nc73761016,nc,"8km WNW of Cobb, CA"
nc73761021,nc,"10km NNE of Gonzales, CA"
nc73761031,nc,"13km SE of Pinnacles, CA"
nc73761046,nc,"11km SE of Pinnacles, CA"
nc73761051,nc,"16km WSW of Toms Place, CA"
nc73761071,nc,"10km NNW of Avenal, CA"
nc73761081,nc,"9km NNW of Avenal, CA"
nc73761096,nc,"7km NW of The Geysers, CA"
nc73761101,nc,"13km NW of The Geysers, CA"
nc73761106,nc,"8km NW of The Geysers, CA"
nc73761111,nc,"3km E of The Geysers, CA"
nc73761121,nc,"5km NW of The Geysers, CA"
nc73761136,nc,"8km NW of The Geysers, CA"
nc73761146,nc,"7km W of Cobb, CA"
nc73761156,nc,"6km NW of The Geysers, CA"
nc73761161,nc,"6km NW of The Geysers, CA"
nc73761166,nc,"7km W of Cobb, CA"
nc73761171,nc,"10km SSW of The Geysers, CA"
nc73761181,nc,"7km NW of The Geysers, CA"
nc73761186,nc,"2km S of Bodega Bay, CA"
nc73761196,nc,"29km SW of Mammoth Lakes, CA"
nc73761206,nc,"19km ESE of Petrolia, CA"
nc73761211,nc,"19km SE of Petrolia, CA"
nc73761221,nc,"7km NNE of Cloverdale, CA"
nc73761226,nc,"7km WNW of The Geysers, CA"
nc73761241,nc,"13km ESE of Alum Rock, CA"
nc73761246,nc,"14km S of Tres Pinos, CA"
nc73761291,nc,"6km WNW of Bradley, CA"
nc73761296,nc,"8km W of Cobb, CA"
nc73761301,nc,"8km NW of Redwood Valley, CA"
nc73761311,nc,"13km SSE of Mammoth Lakes, CA"
nm60156648,nm,"9 km WSW of Center Ridge, Arkansas"
nm60156743,nm,"6 km WSW of Ravenden, Arkansas"
nm60399832,nm,"7 km NNW of Tiptonville, Tennessee"
nm60399877,nm,"6 km WSW of Dell, Arkansas"
nm60399887,nm,"12 km SSE of Williamsville, Missouri"
nm60399892,nm,"6 km N of Blytheville, Arkansas"
nm60399937,nm,"6 km NW of Ridgely, Tennessee"
nm60400022,nm,"6 km ESE of Marston, Missouri"
nm60400262,nm,"2 km SW of Howardville, Missouri"
nm60400662,nm,"2 km SSW of Caruthersville, Missouri"
nm60400767,nm,"2 km NNE of Marston, Missouri"
nm60400777,nm,"6 km SE of Ridgely, Tennessee"
nn00842876,nn,"91 km S of Eureka, Nevada"
nn00842880,nn,"88 km S of Eureka, Nevada"
nn00842890,nn,"88 km S of Eureka, Nevada"
nn00842891,nn,"87 km S of Eureka, Nevada"
nn00842909,nn,"32 km SE of Mina, Nevada"
nn00842936,nn,"5 km ENE of Coleville, California"
nn00842941,nn,"62 km E of Tonopah, Nevada"
nn00842945,nn,"44 km ESE of Beatty, Nevada"
nn00842946,nn,"6 km ENE of Coleville, California"
nn00842948,nn,"89 km S of Eureka, Nevada"
nn00842950,nn,"88 km S of Eureka, Nevada"
nn00842952,nn,"6 km NE of Markleeville, California"
nn00842954,nn,"31 km SE of Mina, Nevada"
nn00842955,nn,"93 km S of Eureka, Nevada"
nn00842959,nn,"6 km ENE of Coleville, California"
nn00842963,nn,"89 km S of Eureka, Nevada"
nn00842966,nn,"23 km SSW of Mina, Nevada"
nn00842970,nn,"90 km S of Eureka, Nevada"
nn00842971,nn,"90 km S of Eureka, Nevada"
nn00842974,nn,"28 km SSE of Mina, Nevada"
nn00842981,nn,"92 km WSW of Preston, Nevada"
nn00842995,nn,"88 km S of Eureka, Nevada"
nn00843003,nn,"91 km S of Eureka, Nevada"
nn00843007,nn,"29 km SSE of Mina, Nevada"
nn00843010,nn,Nevada
nn00843012,nn,"5 km ENE of Coleville, California"
nn00843018,nn,"41 km SE of Beatty, Nevada"
nn00843019,nn,"46 km NW of Beatty, Nevada"
nn00843021,nn,"5 km ENE of Coleville, California"
nn00843023,nn,"2 km SSE of Coleville, California"
nn00843027,nn,"17 km NNE of Sutcliffe, Nevada"
nn00843029,nn,"91 km S of Eureka, Nevada"
nn00843030,nn,"89 km SE of Kingston, Nevada"
nn00843031,nn,"2 km SE of Coleville, California"
nn00843034,nn,"3 km WSW of Walker, California"
nn00843038,nn,"36 km SE of Mina, Nevada"
nn00843039,nn,"90 km WSW of Preston, Nevada"
nn00843042,nn,"87 km S of Eureka, Nevada"
nn00843043,nn,"35 km SE of Mina, Nevada"
nn00843048,nn,"60 km WNW of Beatty, Nevada"
nn00843052,nn,"98 km S of Eureka, Nevada"
nn00843058,nn,"37 km W of Gabbs, Nevada"
nn00843060,nn,"90 km WSW of Preston, Nevada"
nn00843063,nn,"70 km SSE of Kingston, Nevada"
nn00843064,nn,"44 km ESE of Beatty, Nevada"
nn00843068,nn,"54 km S of Silver Peak, Nevada"
nn00843071,nn,"5 km ENE of Coleville, California"
nn00843077,nn,"2 km S of Coleville, California"
nn00843079,nn,Nevada
nn00843081,nn,"23 km ENE of Mina, Nevada"
nn00843082,nn,"90 km S of Eureka, Nevada"
nn00843083,nn,"10 km ESE of Fernley, Nevada"
nn00843085,nn,"5 km E of Coleville, California"
nn00843090,nn,"92 km S of Eureka, Nevada"
nn00843093,nn,"15 km E of Silver Springs, Nevada"
nn00843098,nn,"4 km SSE of Schurz, Nevada"
nn00843100,nn,"32 km SSE of Mina, Nevada"
nn00843104,nn,"47 km ESE of Beatty, Nevada"
nn00843105,nn,"48 km ESE of Beatty, Nevada"
nn00843107,nn,"31 km SE of Mina, Nevada"
nn00843110,nn,"32 km SE of Mina, Nevada"
nn00843111,nn,"29 km S of Mina, Nevada"
nn00843120,nn,"19 km E of Lovelock, Nevada"
nn00843124,nn,"76 km SSW of Eureka, Nevada"
nn00843125,nn,"99 km S of Eureka, Nevada"
nn00843127,nn,"30 km SE of Mina, Nevada"
nn00843128,nn,"88 km S of Eureka, Nevada"
nn00843135,nn,"7 km ENE of Coleville, California"
nn00843136,nn,"86 km S of Eureka, Nevada"
nn00843137,nn,"44 km ESE of Beatty, Nevada"
nn00843139,nn,"93 km S of Eureka, Nevada"
nn00843140,nn,"90 km S of Eureka, Nevada"
nn00843141,nn,"5 km W of Walker, California"
nn00843144,nn,"38 km SE of Mina, Nevada"
nn00843145,nn,"38 km WNW of Indian Springs, Nevada"
nn00843147,nn,"34 km SE of Mina, Nevada"
nn00843150,nn,"29 km ENE of Fallon Station, Nevada"
nn00843154,nn,California-Nevada border region
nn00843156,nn,"47 km NW of Indian Springs, Nevada"
nn00843158,nn,"29 km SE of Mina, Nevada"
nn00843160,nn,"95 km S of Eureka, Nevada"
nn00843164,nn,"25 km SW of Hawthorne, Nevada"
nn00843170,nn,"15 km S of Schurz, Nevada"
nn00843177,nn,"9 km NNW of Walker Lake, Nevada"
nn00843185,nn,"34 km SE of Mina, Nevada"
nn00843186,nn,"89 km S of Eureka, Nevada"
nn00843191,nn,"28 km SSE of Mina, Nevada"
nn00843193,nn,"31 km S of Alamo, Nevada"
nn00843197,nn,"30 km SE of Mina, Nevada"
nn00843212,nn,"87 km S of Eureka, Nevada"
nn00843214,nn,"15 km NE of Hiko, Nevada"
nn00843224,nn,"34 km SE of Mina, Nevada"
nn00843230,nn,"15 km S of Fallon Station, Nevada"
nn00843233,nn,"24 km S of Mina, Nevada"
nn00843234,nn,"90 km WSW of Preston, Nevada"
nn00843235,nn,"33 km ENE of Lee Vining, California"
nn00843236,nn,"67 km NNW of Carlin, Nevada"
nn00843237,nn,"54 km NE of Beatty, Nevada"
nn00843250,nn,"45 km ESE of Beatty, Nevada"
nn00843252,nn,"92 km WSW of Preston, Nevada"
nn00843255,nn,"32 km SE of Mina, Nevada"
nn00843259,nn,"87 km S of Eureka, Nevada"
nn00843262,nn,"93 km S of Eureka, Nevada"
nn00843265,nn,"26 km SSE of Mina, Nevada"
nn00843266,nn,"10 km E of Alamo, Nevada"
nn00843268,nn,"39 km SSE of Dyer, Nevada"
nn00843271,nn,"34 km SE of Mina, Nevada"
nn00843272,nn,Nevada
nn00843273,nn,"88 km WSW of Preston, Nevada"
nn00843275,nn,Nevada
nn00843276,nn,"24 km SE of Alamo, Nevada"
nn00843295,nn,"89 km S of Eureka, Nevada"
nn00843299,nn,"29 km SSE of Mina, Nevada"
nn00843304,nn,"91 km S of Eureka, Nevada"
nn00843311,nn,"44 km ESE of Beatty, Nevada"
nn00843312,nn,"43 km NW of Indian Springs, Nevada"
nn00843313,nn,"47 km WNW of Indian Springs, Nevada"
nn00843315,nn,"28 km SSE of Mina, Nevada"
nn00843317,nn,"52 km ENE of Beatty, Nevada"
nn00843318,nn,"50 km ESE of Beatty, Nevada"
nn00843319,nn,"34 km SE of Mina, Nevada"
nn00843321,nn,"89 km WSW of Preston, Nevada"
nn00843322,nn,"91 km S of Eureka, Nevada"
nn00843323,nn,"90 km S of Eureka, Nevada"
nn00843324,nn,"27 km SSE of Mina, Nevada"
nn00843325,nn,"27 km SSE of Mina, Nevada"
nn00843329,nn,"7 km ENE of Coleville, California"
ok2022nshf,ok,"5 km NE of Porter, Oklahoma"
ok2022ntqh,ok,"6 km S of Owasso, Oklahoma"
ok2022ntuw,ok,"8 km SSW of Owasso, Oklahoma"
ok2022nugx,ok,"7 km E of Lahoma, Oklahoma"
ok2022nuot,ok,"4 km WNW of Blanchard, Oklahoma"
ok2022nuyg,ok,"2 km SSE of Manchester, Oklahoma"
ok2022nuzd,ok,"12 km E of Crowder, Oklahoma"
ok2022nvlh,ok,"2 km WNW of Cushing, Oklahoma"
ok2022nvlx,ok,"2 km WNW of Cushing, Oklahoma"
ok2022nvtk,ok,"7 km NW of Medford, Oklahoma"
ok2022nwot,ok,"9 km WSW of Hunnewell, Kansas"
ok2022nwpu,ok,"12 km NW of Pawnee, Oklahoma"
ok2022nwri,ok,"8 km NW of Prague, Oklahoma"
ok2022nxbt,ok,"16 km SE of Waynoka, Oklahoma"
ok2022nxdl,ok,Oklahoma
ok2022nxhb,ok,"16 km SE of Waynoka, Oklahoma"
ok2022nxjd,ok,"5 km N of Ames, Oklahoma"
ok2022nxrv,ok,"9 km WSW of Hunnewell, Kansas"
ok2022nxuz,ok,"16 km SE of Waynoka, Oklahoma"
ok2022nyax,ok,"2 km WNW of Cushing, Oklahoma"
ok2022nyky,ok,"10 km E of Crowder, Oklahoma"
ok2022nymp,ok,"5 km N of Ames, Oklahoma"
ok2022nynr,ok,"3 km E of Hennessey, Oklahoma"
ok2022nyql,ok,"11 km E of Crowder, Oklahoma"
ok2022nyqm,ok,"4 km SE of Marshall, Oklahoma"
ok2022nyzd,ok,"9 km WSW of Hunnewell, Kansas"
ok2022nyzy,ok,"10 km SE of Katie, Oklahoma"
ok2022nzac,ok,"4 km E of Hennessey, Oklahoma"
ok2022nzju,ok,"17 km SSE of Waynoka, Oklahoma"
ok2022nzvn,ok,"4 km E of Hennessey, Oklahoma"
ok2022oarw,ok,"18 km SSE of Waynoka, Oklahoma"
ok2022oata,ok,"4 km SSE of Owasso, Oklahoma"
ok2022oayo,ok,"10 km E of Crowder, Oklahoma"
ok2022oazq,ok,"9 km W of Kingfisher, Oklahoma"
ok2022ocmb,ok,"10 km ESE of Jefferson, Oklahoma"
ok2022ocrb,ok,"10 km E of Crowder, Oklahoma"
ok2022ocrs,ok,"9 km WSW of Lebanon, Oklahoma"
ok2022ocsd,ok,"10 km W of Whitefield, Oklahoma"
ok2022oddd,ok,"14 km WSW of Quinton, Oklahoma"
ok2022odhp,ok,"7 km E of Nescatunga, Oklahoma"
pr2022197000,pr,"4 km WSW of Guánica, Puerto Rico"
pr2022197002,pr,"76 km N of Culebra, Puerto Rico"
pr2022198000,pr,"66 km NE of Punta Cana, Dominican Republic"
pr2022199000,pr,"76 km SE of Punta Cana, Dominican Republic"
pr2022201000,pr,"90 km N of Charlotte Amalie, U.S. Virgin Islands"
pr2022201001,pr,Mona Passage
pr71359478,pr,"1 km SE of Toa Baja, Puerto Rico"
pr71359508,pr,"1 km N of Magas Arriba, Puerto Rico"
pr71359518,pr,"4 km SSE of Magas Arriba, Puerto Rico"
pr71359543,pr,"3 km SSW of Guánica, Puerto Rico"
pr71359553,pr,"1 km WNW of Guayanilla, Puerto Rico"
pr71359563,pr,"2 km WSW of La Parguera, Puerto Rico"
pr71359578,pr,"3 km SW of Guánica, Puerto Rico"
pr71359598,pr,"78 km N of Arecibo, Puerto Rico"
pr71359608,pr,"5 km WSW of Fuig, Puerto Rico"
pr71359633,pr,"67 km NNE of Cruz Bay, U.S. Virgin Islands"
pr71359643,pr,"20 km WSW of Stella, Puerto Rico"
pr71359653,pr,"3 km NE of Lares, Puerto Rico"
pr71359663,pr,"1 km W of Guánica, Puerto Rico"
pr71359668,pr,"5 km W of Fuig, Puerto Rico"
pr71359673,pr,"2 km ENE of Yauco, Puerto Rico"
pr71359693,pr,"5 km SSW of Liborio Negron Torres, Puerto Rico"
pr71359703,pr,"2 km ENE of Yauco, Puerto Rico"
pr71359713,pr,"7 km SSE of Guánica, Puerto Rico"
pr71359733,pr,"2 km E of Palomas, Puerto Rico"
pr71359738,pr,"2 km WSW of Guánica, Puerto Rico"
pr71359743,pr,"2 km SW of Indios, Puerto Rico"
pr71359773,pr,"4 km WSW of Guánica, Puerto Rico"
pr71359778,pr,"4 km NE of La Parguera, Puerto Rico"
pr71359793,pr,"31 km S of Guánica, Puerto Rico"
pr71359813,pr,"7 km WSW of La Parguera, Puerto Rico"
pr71359833,pr,"2 km SW of Guánica, Puerto Rico"
pr71359838,pr,"1 km NNE of Maria Antonia, Puerto Rico"
pr71359848,pr,"8 km SSE of Indios, Puerto Rico"
pr71359853,pr,"3 km ESE of La Parguera, Puerto Rico"
pr71359858,pr,"0 km S of San Germán, Puerto Rico"
pr71359863,pr,"2 km ESE of Palomas, Puerto Rico"
pr71359868,pr,"2 km S of Liborio Negron Torres, Puerto Rico"
pr71359913,pr,"8 km SSW of Guánica, Puerto Rico"
pr71359923,pr,"9 km SSE of Maria Antonia, Puerto Rico"
pr71359928,pr,"2 km SW of Guánica, Puerto Rico"
pr71359933,pr,"5 km WSW of Fuig, Puerto Rico"
pr71359943,pr,"7 km ESE of La Parguera, Puerto Rico"
pr71359948,pr,"4 km ESE of Maria Antonia, Puerto Rico"
pr71359958,pr,"8 km SSW of Guánica, Puerto Rico"
pr71359968,pr,"2 km WSW of Indios, Puerto Rico"
pr71359993,pr,"2 km N of Maria Antonia, Puerto Rico"
pr71359998,pr,"2 km WSW of Palomas, Puerto Rico"
pr71360008,pr,"6 km E of La Parguera, Puerto Rico"
pr71360028,pr,"3 km WSW of La Parguera, Puerto Rico"
pr71360038,pr,"9 km SSE of Maria Antonia, Puerto Rico"
pr71360048,pr,Puerto Rico region
pr71360063,pr,"14 km S of Jauca, Puerto Rico"
pr71360068,pr,"4 km SW of Tallaboa, Puerto Rico"
pr71360073,pr,"7 km E of La Parguera, Puerto Rico"
pr71360078,pr,"6 km E of La Parguera, Puerto Rico"
pr71360088,pr,"13 km S of Jauca, Puerto Rico"
pr71360093,pr,"3 km WSW of Indios, Puerto Rico"
pr71360098,pr,Puerto Rico region
pr71360103,pr,"4 km SW of Guánica, Puerto Rico"
pr71360108,pr,"4 km S of Guánica, Puerto Rico"
pr71360148,pr,"12 km SSE of Guánica, Puerto Rico"
pr71360153,pr,Puerto Rico region
pr71360163,pr,"5 km SSW of Guánica, Puerto Rico"
pr71360168,pr,"5 km WSW of Fuig, Puerto Rico"
pr71360178,pr,"5 km S of Guánica, Puerto Rico"
pr71360188,pr,"4 km S of Guánica, Puerto Rico"
pr71360198,pr,"7 km WSW of Guánica, Puerto Rico"
pr71360213,pr,"7 km SE of Tallaboa, Puerto Rico"
pr71360218,pr,"1 km NNE of Guayanilla, Puerto Rico"
pr71360223,pr,"4 km SSW of Indios, Puerto Rico"
pr71360228,pr,"9 km S of Indios, Puerto Rico"
pr71360238,pr,Puerto Rico region
pr71360253,pr,"35 km NNW of San Antonio, Puerto Rico"
pr71360258,pr,"5 km SW of Palmarejo, Puerto Rico"
pr71360268,pr,"2 km SSW of Indios, Puerto Rico"
pr71360288,pr,"0 km E of Guánica, Puerto Rico"
pr71360303,pr,"2 km SSE of La Parguera, Puerto Rico"
pr71360313,pr,"2 km NNW of Guayanilla, Puerto Rico"
pr71360328,pr,"10 km ESE of Maricao, Puerto Rico"
pr71360348,pr,"7 km WSW of Fuig, Puerto Rico"
pr71360363,pr,"5 km SSW of Palmarejo, Puerto Rico"
pr71360368,pr,"6 km WSW of Guánica, Puerto Rico"
pr71360373,pr,"8 km NNW of Dorado, Puerto Rico"
pr71360383,pr,"2 km SW of San Antonio, Puerto Rico"
pr71360398,pr,"5 km E of La Parguera, Puerto Rico"
pr71360403,pr,"1 km NNE of Yauco, Puerto Rico"
pr71360413,pr,"7 km E of La Parguera, Puerto Rico"
pr71360423,pr,"1 km NNW of Indios, Puerto Rico"
pr71360428,pr,"4 km WSW of Guánica, Puerto Rico"
pr71360433,pr,"11 km SSE of Guánica, Puerto Rico"
pr71360453,pr,"18 km S of Jobos, Puerto Rico"
pr71360478,pr,"11 km SSE of Guánica, Puerto Rico"
pr71360488,pr,"1 km S of Guánica, Puerto Rico"
pr71360498,pr,"2 km WSW of Tallaboa, Puerto Rico"
pr71360503,pr,"6 km ENE of La Parguera, Puerto Rico"
pr71360508,pr,"4 km WSW of Fuig, Puerto Rico"
pr71360523,pr,"6 km WSW of Guánica, Puerto Rico"
se60156543,se,"11 km E of Benton, Tennessee"
se60156643,se,"6 km E of Elgin, South Carolina"
se60156943,se,"6 km ESE of Elgin, South Carolina"
se60400362,se,"6 km E of Elgin, South Carolina"
tx2022nspl,tx,"55 km NW of Toyah, Texas"
tx2022nspp,tx,"55 km NW of Toyah, Texas"
tx2022nspu,tx,"55 km NW of Toyah, Texas"
tx2022nsqy,tx,"56 km S of Whites City, New Mexico"
tx2022nsra,tx,"54 km S of Whites City, New Mexico"
tx2022nsrf,tx,"54 km NW of Toyah, Texas"
tx2022nsri,tx,"55 km NW of Toyah, Texas"
tx2022nsrj,tx,"55 km NW of Toyah, Texas"
tx2022nssp,tx,"56 km S of Whites City, New Mexico"
tx2022nsxs,tx,"56 km NW of Toyah, Texas"
tx2022nthp,tx,"55 km S of Whites City, New Mexico"
tx2022ntnq,tx,"53 km S of Whites City, New Mexico"
tx2022nuds,tx,"37 km NNW of Toyah, Texas"
tx2022nuxh,tx,"38 km W of Mentone, Texas"
tx2022nvdw,tx,"37 km W of Mentone, Texas"
tx2022nvkk,tx,"57 km S of Whites City, New Mexico"
tx2022nvmj,tx,"44 km NW of Toyah, Texas"
tx2022nvtk,tx,"48 km W of Mentone, Texas"
tx2022nvww,tx,"18 km SE of Ackerly, Texas"
tx2022nvzy,tx,"48 km W of Mentone, Texas"
tx2022nwcj,tx,western Texas
tx2022nwkz,tx,"15 km ENE of Hermleigh, Texas"
tx2022nwlb,tx,"44 km NW of Toyah, Texas"
tx2022nwxj,tx,"56 km S of Whites City, New Mexico"
tx2022nxfm,tx,"64 km SSW of Whites City, New Mexico"
tx2022nxom,tx,"62 km SSW of Whites City, New Mexico"
tx2022nxsl,tx,"51 km S of Whites City, New Mexico"
tx2022nxyj,tx,southern Texas
tx2022nywb,tx,"37 km NNW of Toyah, Texas"
tx2022nzcp,tx,"54 km S of Whites City, New Mexico"
tx2022nzdf,tx,"35 km NW of Toyah, Texas"
tx2022nzum,tx,"54 km S of Whites City, New Mexico"
tx2022oanq,tx,"51 km S of Whites City, New Mexico"
tx2022obrm,tx,"37 km NNW of Toyah, Texas"
tx2022obrt,tx,"37 km NNW of Toyah, Texas"
tx2022ockc,tx,"12 km SSE of Coyanosa, Texas"
tx2022ocpb,tx,"4 km ESE of Falls City, Texas"
tx2022ocvx,tx,"48 km W of Mentone, Texas"
tx2022odrm,tx,"55 km S of Whites City, New Mexico"
tx2022odrp,tx,"54 km S of Whites City, New Mexico"
tx2022odsa,tx,"54 km S of Whites City, New Mexico"
tx2022oeha,tx,"54 km S of Whites City, New Mexico"
tx2022oeje,tx,"56 km S of Whites City, New Mexico"
us6000i2fn,us,"15 km W of Port-Olry, Vanuatu"
us6000i2g1,us,"85 km SE of Port Graham, Alaska"
us6000i2g4,us,"93 km ESE of Atka, Alaska"
us6000i2g9,us,"35 km WNW of Güiria, Venezuela"
us6000i2ih,us,"43 km WNW of Cold Bay, Alaska"
us6000i2j3,us,"12 km SW of Samborondón, Ecuador"
us6000i2jn,us,"18 km W of Port-Olry, Vanuatu"
us6000i2kh,us,"55 km SW of Ovalle, Chile"
us6000i2le,us,Carlsberg Ridge
us6000i2lk,us,"145 km NNE of Calama, Chile"
us6000i2lu,us,Chagos Archipelago region
us6000i2m4,us,"49 km E of Yilan, Taiwan"
us6000i2ma,us,"7 km ENE of San Lorenzo, Philippines"
us6000i2mb,us,"2 km NNE of Ahuachapán, El Salvador"
us6000i2me,us,"6 km ENE of Baitoa, Dominican Republic"
us6000i2n3,us,"109 km W of Neiafu, Tonga"
us6000i2n6,us,"37 km WSW of Atico, Peru"
us6000i2na,us,"27 km SE of Adak, Alaska"
us6000i2qm,us,"38 km W of Haines Junction, Canada"
us6000i2r5,us,"8 km NE of Stanley, Idaho"
us6000i2tn,us,"93 km N of Hirara, Japan"
us6000i2v0,us,"Off the coast of Aisen, Chile"
us6000i2vv,us,"41 km SE of Blenheim, New Zealand"
us6000i2vy,us,"275 km SW of Vaini, Tonga"
us6000i2w1,us,West Chile Rise
us6000i2w3,us,Pakistan
us6000i2w5,us,"245 km ESE of Chiniak, Alaska"
us6000i2w8,us,"246 km ESE of Chiniak, Alaska"
us6000i2wd,us,"Off the coast of Aisen, Chile"
us6000i2wf,us,"91 km E of Shikotan, Russia"
us6000i2wu,us,"Izu Islands, Japan region"
us6000i2xq,us,Kermadec Islands region
us6000i2xu,us,"135 km SSE of Kadzhi-Say, Kyrgyzstan"
us6000i2y1,us,"55 km S of Calama, Chile"
us6000i2y7,us,"164 km NE of Neiafu, Tonga"
us6000i2yd,us,"61 km NNW of Mostaganem, Algeria"
us6000i2yt,us,"23 km NE of Lyndonville, New York"
us6000i2z7,us,"8 km NE of Stanley, Idaho"
us6000i2z9,us,"59 km NW of Kashgar, China"
us6000i2zg,us,"151 km SSW of Lata, Solomon Islands"
us6000i2zh,us,"95 km SSE of False Pass, Alaska"
us6000i2zk,us,"42 km SW of Huarmey, Peru"
us6000i306,us,"279 km NE of Saipan, Northern Mariana Islands"
us6000i30c,us,Easter Island region
us6000i30d,us,Kermadec Islands region
us6000i30f,us,"17 km WSW of Kyaukse, Myanmar"
us6000i30n,us,Easter Island region
us6000i30v,us,"64 km WSW of Ovalle, Chile"
us6000i30w,us,"35 km N of Ḩukūmatī Azrah, Afghanistan"
us6000i30z,us,Scotia Sea
us6000i31j,us,Banda Sea
us6000i31v,us,"76 km WNW of Agat Village, Guam"
us6000i31w,us,"75 km SSW of Singaparna, Indonesia"
us6000i32w,us,"59 km N of Mawlaik, Myanmar"
us6000i32x,us,south of the Kermadec Islands
us6000i32y,us,south of the Kermadec Islands
us6000i33d,us,"26 km E of Kīsh, Iran"
us6000i33n,us,"40 km SSW of Boğazkent, Turkey"
us6000i340,us,"Andreanof Islands, Aleutian Islands, Alaska"
us6000i342,us,"16 km E of Los Ángeles, Chile"
us6000i34d,us,"118 km N of Calama, Chile"
us6000i34h,us,"220 km SE of Katsuura, Japan"
us6000i34j,us,"222 km SE of Katsuura, Japan"
us6000i34n,us,"57 km ENE of La Trinité, Martinique"
us6000i34q,us,south of Africa
us6000i353,us,"51 km NNE of Punta Cana, Dominican Republic"
us6000i358,us,"26 km WSW of Puyo, Ecuador"
us6000i35a,us,"32 km S of La Libertad, El Salvador"
us6000i35t,us,"276 km WNW of Haveluloto, Tonga"
us6000i35w,us,Fiji region
us6000i35z,us,"55 km ESE of Kerman, Iran"
us6000i362,us,"56 km SE of Shishmaref, Alaska"
us6000i36c,us,Mauritius - Reunion region
us6000i36d,us,"2 km N of Filippiáda, Greece"
us6000i379,us,"122 km SSW of Shelburne, Canada"
us6000i37a,us,"151 km SSE of Pundong, Indonesia"
us6000i37b,us,"12 km ESE of Orkney, South Africa"
us6000i37v,us,"27 km WSW of Adela, Philippines"
us6000i37z,us,Western Turkey
us6000i380,us,"90 km SW of Akhiok, Alaska"
us6000i387,us,South Shetland Islands
us6000i38f,us,"7 km SW of Superior, Nebraska"
us6000i38n,us,"64 km S of Gorontalo, Indonesia"
us6000i39x,us,"267 km SSE of Katsuura, Japan"
us6000i3a5,us,Greenland Sea
us6000i3a8,us,"3 km W of Atiquizaya, El Salvador"
us6000i3aj,us,north of Severnaya Zemlya
us6000i3ax,us,"172 km S of Kuqa, China"
us6000i3bl,us,South Island of New Zealand
us6000i3bs,us,Easter Island region
us6000i3bz,us,South Sandwich Islands region
us6000i3cf,us,"136 km E of Madang, Papua New Guinea"
us6000i3ck,us,"192 km SSE of Amahai, Indonesia"
us6000i3cl,us,"10 km NW of Saint-Pascal, Canada"
us6000i3di,us,"155 km SSW of Pagar Alam, Indonesia"
us6000i3dq,us,"27 km W of Sarpol-e Z̄ahāb, Iran"
us6000i3dr,us,"9 km E of Castle Bruce, Dominica"
us6000i3dz,us,"38 km S of Intipucá, El Salvador"
us6000i3ee,us,"27 km SE of Jurm, Afghanistan"
us6000i3el,us,"49 km WSW of Khōst, Afghanistan"
us6000i3er,us,"2 km W of Candelaria Loxicha, Mexico"
us6000i3f4,us,"32 km SSE of Jurm, Afghanistan"
us6000i3f9,us,"235 km W of Ferndale, California"
us6000i3fq,us,"Rat Islands, Aleutian Islands, Alaska"
us6000i3hv,us,"37 km NNE of Santa Monica, Philippines"
us6000i3hy,us,"214 km W of Longyearbyen, Svalbard and Jan Mayen"
us6000i3ie,us,"55 km W of Miran Shah, Pakistan"
us6000i3jp,us,"6 km SE of Elgin, South Carolina"
us6000i3jy,us,"259 km ESE of Ust’-Kamchatsk Staryy, Russia"
us6000i3k1,us,"57 km W of Abra Pampa, Argentina"
us6000i3kb,us,"91 km S of Acajutla, El Salvador"
us6000i3kp,us,"58 km NNW of Wana, Pakistan"
us6000i3kv,us,"35 km SW of Ovalle, Chile"
us6000i3kx,us,"82 km SE of Lugu, Taiwan"
us6000i3l2,us,"Pagan region, Northern Mariana Islands"
us6000i3l7,us,"125 km ESE of Iquique, Chile"
us6000i3ln,us,"23 km ENE of Quilmaná, Peru"
us6000i3lz,us,Revilla Gigedo Islands region
us6000i3m2,us,"53 km WNW of San Antonio de los Cobres, Argentina"
us6000i3ma,us,"123 km SW of Akhiok, Alaska"
us6000i3md,us,"50 km SE of Tejen, Turkmenistan"
us6000i3mh,us,"147 km NW of Türkmenbaşy, Turkmenistan"
us6000i3mi,us,"166 km SW of Nabire, Indonesia"
us6000i3mk,us,West Chile Rise
us6000i3n2,us,"37 km S of Tinogasta, Argentina"
us6000i3pj,us,"106 km NE of Iquique, Chile"
us6000i3pm,us,"97 km SE of Atka, Alaska"
us6000i3pw,us,"Rat Islands, Aleutian Islands, Alaska"
us6000i3q4,us,"81 km SE of Sand Point, Alaska"
us7000hrwx,us,"49 km E of Santiago, Philippines"
us7000hrx3,us,"26 km E of Mawlaik, Myanmar"
us7000hrxn,us,"184 km SSE of Atka, Alaska"
us7000hrxy,us,"38 km SSW of Bengkulu, Indonesia"
us7000hrz6,us,"47 km SSW of Bengkulu, Indonesia"
us7000hrz7,us,"56 km SSW of Masachapa, Nicaragua"
us7000hrzt,us,"121 km ENE of Kuril’sk, Russia"
us7000hs05,us,"233 km W of Adak, Alaska"
us7000hs0a,us,"40 km NNW of Changji, China"
us7000hs0g,us,Kermadec Islands region
us7000hs0v,us,"56 km S of Champerico, Guatemala"
us7000hs10,us,"66 km SW of San Juan del Sur, Nicaragua"
us7000hs1f,us,"97 km SE of Pondaguitan, Philippines"
us7000hs1j,us,"84 km SSW of Gorontalo, Indonesia"
us7000hs1v,us,"44 km SSE of Riobamba, Ecuador"
us7000hs2d,us,"14 km N of Limín Khersonísou, Greece"
us7000hs5b,us,southern Mid-Atlantic Ridge
us7000hs61,us,"269 km WNW of Neiafu, Tonga"
us7000hs6r,us,"161 km E of Tadine, New Caledonia"
us7000hs6v,us,"10 km E of Düzce, Turkey"
us7000hs83,us,"southeast of the Ryukyu Islands, Japan"
us7000hs8l,us,"78 km SSW of Poso, Indonesia"
us7000hs9t,us,"90 km E of Namie, Japan"
us7000hsak,us,south of Panama
us7000hsan,us,"16 km WNW of General MacArthur, Philippines"
us7000hsb8,us,"76 km W of Miramichi, Canada"
us7000hsbv,us,"off the east coast of the Kamchatka Peninsula, Russia"
us7000hsc1,us,"59 km S of Whites City, New Mexico"
us7000hscc,us,"270 km W of Puerto Chacabuco, Chile"
us7000hscd,us,south of the Kermadec Islands
us7000hsct,us,"65 km E of Namie, Japan"
us7000hscu,us,"149 km E of Tadine, New Caledonia"
us7000hsea,us,"80 km NNW of Amahai, Indonesia"
uu60030714,uu,"6 km E of Hebgen Lake Estates, Montana"
uu60505767,uu,"14 km SSE of Sunnyside, Utah"
uu60505787,uu,"13 km SSE of Sunnyside, Utah"
uu60505792,uu,"15 km SSE of Sunnyside, Utah"
uu60505812,uu,"14 km SW of Joseph, Utah"
uu60505837,uu,"1 km N of Cane Beds, Arizona"
uu60505862,uu,"13 km N of New Harmony, Utah"
uu60505867,uu,"7 km SW of Circleville, Utah"
uu60505872,uu,"12 km N of New Harmony, Utah"
uu60505877,uu,"13 km SW of Portage, Utah"
uu60505897,uu,"12 km NNE of Howell, Utah"
uu60505907,uu,"19 km SSE of Beaver, Utah"
uu60505917,uu,"14 km SSE of Sunnyside, Utah"
uu60505927,uu,"41 km SE of West Yellowstone, Montana"
uu60505932,uu,"13 km SSE of Sunnyside, Utah"
uu60505942,uu,"6 km NE of Magna, Utah"
uu60505947,uu,"13 km SSE of Sunnyside, Utah"
uu60505962,uu,"17 km WSW of Levan, Utah"
uu60505967,uu,"5 km NE of Magna, Utah"
uu60505992,uu,"4 km WNW of Beaver Dam, Arizona"
uu60505997,uu,"49 km N of Kelly, Wyoming"
uu60506007,uu,Idaho-Montana border region
uu60506012,uu,"5 km E of Hebgen Lake Estates, Montana"
uu60506037,uu,"24 km SSW of Mammoth, Wyoming"
uu60506072,uu,"6 km WNW of Parowan, Utah"
uu60506077,uu,"5 km NNE of Magna, Utah"
uu60506082,uu,Wyoming
uu60506087,uu,"15 km SSE of Sunnyside, Utah"
uu60506092,uu,"16 km SSE of Sunnyside, Utah"
uu60506097,uu,"15 km SSE of Sunnyside, Utah"
uu60506127,uu,"14 km SSE of Sunnyside, Utah"
uu60506167,uu,"25 km SSE of West Yellowstone, Montana"
uu60506172,uu,"25 km SSE of West Yellowstone, Montana"
uu60506177,uu,"23 km SSE of West Yellowstone, Montana"
uu60506222,uu,Utah
uu60506227,uu,"12 km S of Sunnyside, Utah"
uu60506237,uu,"15 km SSE of Sunnyside, Utah"
uu60506247,uu,"23 km SSW of Mammoth, Wyoming"
uu60506252,uu,"16 km SSE of Sunnyside, Utah"
uu60506257,uu,"17 km SSE of Sunnyside, Utah"
uu60506267,uu,"28 km ENE of Torrey, Utah"
uu60506272,uu,"15 km SSE of Sunnyside, Utah"
uu60506277,uu,"15 km SSE of Sunnyside, Utah"
uu60506282,uu,"16 km SSE of Sunnyside, Utah"
uu60506292,uu,"13 km SW of Joseph, Utah"
uu60506297,uu,"14 km SSE of Sunnyside, Utah"
uu60506302,uu,"15 km SSE of Sunnyside, Utah"
uu60506307,uu,"66 km W of Hooper, Utah"
uu60506317,uu,"23 km SSW of Mammoth, Wyoming"
uu60506337,uu,"15 km SSE of Sunnyside, Utah"
uu60506357,uu,"14 km SSE of Sunnyside, Utah"
uu60506362,uu,"14 km SSE of Sunnyside, Utah"
uu60506367,uu,"18 km ENE of Hebgen Lake Estates, Montana"
uu60506382,uu,"14 km SSE of Sunnyside, Utah"
uu60506387,uu,"14 km SSE of Sunnyside, Utah"
uu60506392,uu,"15 km SSE of Sunnyside, Utah"
uu60506397,uu,"16 km SSE of Sunnyside, Utah"
uu60506402,uu,"15 km SSE of Sunnyside, Utah"
uu60506407,uu,"9 km E of Enterprise, Utah"
uu60506412,uu,"14 km SSE of Sunnyside, Utah"
uu60506417,uu,"15 km SSE of Sunnyside, Utah"
uu60506422,uu,"14 km SSE of Sunnyside, Utah"
uu60506427,uu,"15 km SSE of Sunnyside, Utah"
uu60506437,uu,"8 km NW of New Harmony, Utah"
uu60506442,uu,"16 km SSE of Sunnyside, Utah"
uu60506447,uu,Utah
uu60506457,uu,"15 km SSE of Sunnyside, Utah"
uu60506462,uu,"15 km SSE of Sunnyside, Utah"
uu60506467,uu,"15 km SSE of Sunnyside, Utah"
uu60506482,uu,"15 km SSE of Sunnyside, Utah"
uu60506492,uu,"14 km SSE of Sunnyside, Utah"
uu60506497,uu,"13 km SSE of Sunnyside, Utah"
uu60506507,uu,"15 km SSE of Sunnyside, Utah"
uu60506512,uu,"15 km SSE of Sunnyside, Utah"
uu60506517,uu,"14 km SSE of Sunnyside, Utah"
uu60506522,uu,"15 km SSE of Sunnyside, Utah"
uu60506547,uu,"14 km SSE of Sunnyside, Utah"
uu60506557,uu,"15 km SSE of Sunnyside, Utah"
uu60506562,uu,"3 km NNE of Magna, Utah"
uu60506567,uu,"3 km NE of Magna, Utah"
uu60506582,uu,"16 km SSE of Sunnyside, Utah"
uu60506587,uu,"14 km SSE of Sunnyside, Utah"
uu60506592,uu,"15 km SSE of Sunnyside, Utah"
uu60506597,uu,"16 km SSE of Sunnyside, Utah"
uu60506612,uu,"5 km NE of Magna, Utah"
uw61502183,uw,"5 km E of Oso, Washington"
uw61855012,uw,"3 km NNW of Sedro-Woolley, Washington"
uw61855042,uw,Washington
uw61855072,uw,"38 km NNE of Amboy, Washington"
uw61855117,uw,"30 km ESE of Desert Aire, Washington"
uw61855187,uw,"39 km NNE of Amboy, Washington"
uw61861881,uw,"12 km NNE of May Creek, Washington"
uw61861986,uw,"10 km ESE of Three Rivers, Oregon"
uw61862011,uw,"12 km S of Princeton, Canada"
uw61862021,uw,"10 km WSW of Mineral, Washington"
uw61862086,uw,"15 km ESE of Three Rivers, Oregon"
uw61862101,uw,Washington
uw61862111,uw,Washington
uw61862136,uw,"8 km E of Oak Bay, Canada"
uw61862151,uw,"18 km SE of Reedsport, Oregon"
uw61862166,uw,"13 km NNW of Tampico, Washington"
uw61862176,uw,"13 km SSE of Glacier, Washington"
uw61862181,uw,"0 km NE of Southworth, Washington"
uw61862186,uw,"7 km ESE of Mossyrock, Washington"
uw61862211,uw,"36 km SSE of Morton, Washington"
uw61862496,uw,"10 km E of Abbotsford, Canada"
uw61862576,uw,"4 km ENE of Amboy, Washington"
uw61862581,uw,"0 km ENE of Salt Spring Island, Canada"
uw61862591,uw,"5 km ENE of Oso, Washington"
uw61862636,uw,"33 km NE of Amboy, Washington"
uw61862641,uw,"35 km NE of Amboy, Washington"
uw61862716,uw,"37 km SE of Morton, Washington"
uw61862841,uw,"7 km ENE of Oso, Washington"
uw61862886,uw,"14 km SW of Rockport, Washington"
uw61862941,uw,"9 km S of Princeton, Canada"
uw61862971,uw,"6 km NNW of Victoria, Canada"
uw61863006,uw,Washington-British Columbia border region
uw61863036,uw,"5 km NNW of Victoria, Canada"
uw61863046,uw,"3 km SSE of Carbonado, Washington"
uw61863056,uw,"4 km NNW of Victoria, Canada"
uw61863061,uw,"23 km ENE of Ashford, Washington"
uw61863066,uw,"11 km NW of Lake Cowichan, Canada"
uw61863076,uw,"23 km ENE of Ashford, Washington"
uw61863081,uw,"23 km ENE of Ashford, Washington"
uw61863086,uw,"13 km S of Concrete, Washington"
uw61863091,uw,"18 km SSE of Glacier, Washington"
uw61863106,uw,"11 km SE of Malott, Washington"
uw61863201,uw,"13 km SW of North Saanich, Canada"
uw61863261,uw,"6 km NE of Medford, Oregon"
uw61863271,uw,"10 km NNE of Ashford, Washington"
uw61863276,uw,"13 km ESE of Carbonado, Washington"
uw61863396,uw,"18 km NW of Pendleton, Oregon"
uw61863401,uw,"6 km S of Quilcene, Washington"
uw61863421,uw,"14 km SE of Forks, Washington"
uw61863426,uw,"5 km SSE of Bay View, Washington"
uw61863451,uw,"32 km NNE of Amboy, Washington"
uw61863471,uw,"32 km NNE of Amboy, Washington"
uw61863476,uw,"3 km SW of Orcas, Washington"
uw61863521,uw,"4 km NE of Oso, Washington"
uw61863706,uw,"7 km NE of Fern Prairie, Washington"
